{
	"credit": "Made with Blockbench",
	"parent": "simplehats:item/hatparent",
	"texture_size": [32, 32],
	"textures": {
		"0": "simplehats:item/hats/antlers"
	},
	"elements": [
		{
			"from": [12.67669, 15.99486, 6.67],
			"to": [18.24169, 17.35986, 7.93],
			"rotation": {"angle": -45, "axis": "z", "origin": [17.20919, 15.97736, 7.3]},
			"faces": {
				"north": {"uv": [4, 0, 6, 0.5], "texture": "#0"},
				"east": {"uv": [1.5, 8, 2, 8.5], "texture": "#0"},
				"south": {"uv": [4, 0.5, 6, 1], "texture": "#0"},
				"west": {"uv": [8, 2, 8.5, 2.5], "texture": "#0"},
				"up": {"uv": [6, 1.5, 4, 1], "texture": "#0"},
				"down": {"uv": [6, 1.5, 4, 2], "texture": "#0"}
			}
		},
		{
			"from": [9.375, 12.4, 6.6],
			"to": [10.775, 22.2, 8],
			"rotation": {"angle": -22.5, "axis": "z", "origin": [10.075, 9.6, 7.3]},
			"faces": {
				"north": {"uv": [0, 0, 0.5, 3.5], "texture": "#0"},
				"east": {"uv": [0.5, 0, 1, 3.5], "texture": "#0"},
				"south": {"uv": [1, 0, 1.5, 3.5], "texture": "#0"},
				"west": {"uv": [1.5, 0, 2, 3.5], "texture": "#0"},
				"up": {"uv": [3, 8.5, 2.5, 8], "texture": "#0"},
				"down": {"uv": [8.5, 2.5, 8, 3], "texture": "#0"}
			}
		},
		{
			"from": [14.07853, 20.728, 6.635],
			"to": [15.44353, 30.493, 7.965],
			"rotation": {"angle": 22.5, "axis": "z", "origin": [14.90103, 21.2005, 7.3]},
			"faces": {
				"north": {"uv": [2, 0, 2.5, 3.5], "texture": "#0"},
				"east": {"uv": [2.5, 0, 3, 3.5], "texture": "#0"},
				"south": {"uv": [3, 0, 3.5, 3.5], "texture": "#0"},
				"west": {"uv": [0, 3.5, 0.5, 7], "texture": "#0"},
				"up": {"uv": [3.5, 8.5, 3, 8], "texture": "#0"},
				"down": {"uv": [8.5, 3, 8, 3.5], "texture": "#0"}
			}
		},
		{
			"from": [14.13179, 23.33456, 6.67],
			"to": [15.49679, 28.89956, 7.93],
			"rotation": {"angle": -22.5, "axis": "z", "origin": [16.70429, 27.51706, 7.3]},
			"faces": {
				"north": {"uv": [4, 2, 4.5, 4], "texture": "#0"},
				"east": {"uv": [4, 4, 4.5, 6], "texture": "#0"},
				"south": {"uv": [4.5, 2, 5, 4], "texture": "#0"},
				"west": {"uv": [4.5, 4, 5, 6], "texture": "#0"},
				"up": {"uv": [4, 8.5, 3.5, 8], "texture": "#0"},
				"down": {"uv": [4.5, 8, 4, 8.5], "texture": "#0"}
			}
		},
		{
			"from": [15.13169, 21.90986, 6.67],
			"to": [20.69669, 23.27486, 7.93],
			"rotation": {"angle": 22.5, "axis": "z", "origin": [17.63419, 21.92736, 7.3]},
			"faces": {
				"north": {"uv": [5, 2, 7, 2.5], "texture": "#0"},
				"east": {"uv": [8, 4, 8.5, 4.5], "texture": "#0"},
				"south": {"uv": [5, 2.5, 7, 3], "texture": "#0"},
				"west": {"uv": [4.5, 8, 5, 8.5], "texture": "#0"},
				"up": {"uv": [7, 3.5, 5, 3], "texture": "#0"},
				"down": {"uv": [7, 3.5, 5, 4], "texture": "#0"}
			}
		},
		{
			"from": [14.13179, 27.53456, 4.01],
			"to": [15.49679, 28.89956, 6.67],
			"rotation": {"angle": -22.5, "axis": "z", "origin": [16.70429, 27.51706, 7.44]},
			"faces": {
				"north": {"uv": [8, 4.5, 8.5, 5], "texture": "#0"},
				"east": {"uv": [6.5, 1.5, 7.5, 2], "texture": "#0"},
				"south": {"uv": [5, 8, 5.5, 8.5], "texture": "#0"},
				"west": {"uv": [5.5, 6.5, 6.5, 7], "texture": "#0"},
				"up": {"uv": [7, 7.5, 6.5, 6.5], "texture": "#0"},
				"down": {"uv": [0.5, 7, 0, 8], "texture": "#0"}
			}
		},
		{
			"from": [17.20986, 23.82702, 4.01],
			"to": [18.57486, 25.19202, 6.67],
			"rotation": {"angle": 22.5, "axis": "z", "origin": [21.39236, 28.21952, 7.44]},
			"faces": {
				"north": {"uv": [8, 5.5, 8.5, 6], "texture": "#0"},
				"east": {"uv": [0.5, 7, 1.5, 7.5], "texture": "#0"},
				"south": {"uv": [6, 8, 6.5, 8.5], "texture": "#0"},
				"west": {"uv": [1.5, 7, 2.5, 7.5], "texture": "#0"},
				"up": {"uv": [7.5, 3, 7, 2], "texture": "#0"},
				"down": {"uv": [3, 7, 2.5, 8], "texture": "#0"}
			}
		},
		{
			"from": [8.89497, 30.54753, 3.975],
			"to": [10.25997, 31.91253, 6.635],
			"rotation": {"angle": 22.5, "axis": "z", "origin": [15.87747, 34.94003, 7.405]},
			"faces": {
				"north": {"uv": [8, 6, 8.5, 6.5], "texture": "#0"},
				"east": {"uv": [3, 7, 4, 7.5], "texture": "#0"},
				"south": {"uv": [6.5, 8, 7, 8.5], "texture": "#0"},
				"west": {"uv": [7, 3, 8, 3.5], "texture": "#0"},
				"up": {"uv": [7.5, 4.5, 7, 3.5], "texture": "#0"},
				"down": {"uv": [7.5, 4.5, 7, 5.5], "texture": "#0"}
			}
		},
		{
			"from": [19.09096, 21.34059, 4.01],
			"to": [20.45596, 22.70559, 6.67],
			"rotation": {"angle": -45, "axis": "z", "origin": [11.86346, 21.32309, 8.84]},
			"faces": {
				"north": {"uv": [8, 6.5, 8.5, 7], "texture": "#0"},
				"east": {"uv": [5.5, 7, 6.5, 7.5], "texture": "#0"},
				"south": {"uv": [7.5, 8, 8, 8.5], "texture": "#0"},
				"west": {"uv": [7, 5.5, 8, 6], "texture": "#0"},
				"up": {"uv": [7.5, 7.5, 7, 6.5], "texture": "#0"},
				"down": {"uv": [1, 7.5, 0.5, 8.5], "texture": "#0"}
			}
		},
		{
			"from": [-2.24169, 15.99486, 6.67],
			"to": [3.32331, 17.35986, 7.93],
			"rotation": {"angle": 45, "axis": "z", "origin": [-1.20919, 15.97736, 7.3]},
			"faces": {
				"north": {"uv": [5, 4, 7, 4.5], "texture": "#0"},
				"east": {"uv": [8, 8, 8.5, 8.5], "texture": "#0"},
				"south": {"uv": [5, 4.5, 7, 5], "texture": "#0"},
				"west": {"uv": [8.5, 0, 9, 0.5], "texture": "#0"},
				"up": {"uv": [7, 5.5, 5, 5], "texture": "#0"},
				"down": {"uv": [7, 5.5, 5, 6], "texture": "#0"}
			}
		},
		{
			"from": [5.225, 12.4, 6.6],
			"to": [6.625, 22.2, 8],
			"rotation": {"angle": 22.5, "axis": "z", "origin": [5.925, 9.6, 7.3]},
			"faces": {
				"north": {"uv": [3.5, 0, 4, 3.5], "texture": "#0"},
				"east": {"uv": [0.5, 3.5, 1, 7], "texture": "#0"},
				"south": {"uv": [1, 3.5, 1.5, 7], "texture": "#0"},
				"west": {"uv": [1.5, 3.5, 2, 7], "texture": "#0"},
				"up": {"uv": [1, 9, 0.5, 8.5], "texture": "#0"},
				"down": {"uv": [9, 0.5, 8.5, 1], "texture": "#0"}
			}
		},
		{
			"from": [0.55647, 20.728, 6.635],
			"to": [1.92147, 30.493, 7.965],
			"rotation": {"angle": -22.5, "axis": "z", "origin": [1.09897, 21.2005, 7.3]},
			"faces": {
				"north": {"uv": [2, 3.5, 2.5, 7], "texture": "#0"},
				"east": {"uv": [2.5, 3.5, 3, 7], "texture": "#0"},
				"south": {"uv": [3, 3.5, 3.5, 7], "texture": "#0"},
				"west": {"uv": [3.5, 3.5, 4, 7], "texture": "#0"},
				"up": {"uv": [9, 1.5, 8.5, 1], "texture": "#0"},
				"down": {"uv": [2, 8.5, 1.5, 9], "texture": "#0"}
			}
		},
		{
			"from": [0.50321, 23.33456, 6.67],
			"to": [1.86821, 28.89956, 7.93],
			"rotation": {"angle": 22.5, "axis": "z", "origin": [-0.70429, 27.51706, 7.3]},
			"faces": {
				"north": {"uv": [6, 0, 6.5, 2], "texture": "#0"},
				"east": {"uv": [4, 6, 4.5, 8], "texture": "#0"},
				"south": {"uv": [4.5, 6, 5, 8], "texture": "#0"},
				"west": {"uv": [5, 6, 5.5, 8], "texture": "#0"},
				"up": {"uv": [9, 2, 8.5, 1.5], "texture": "#0"},
				"down": {"uv": [2.5, 8.5, 2, 9], "texture": "#0"}
			}
		},
		{
			"from": [-4.69669, 21.90986, 6.67],
			"to": [0.86831, 23.27486, 7.93],
			"rotation": {"angle": -22.5, "axis": "z", "origin": [-1.63419, 21.92736, 7.3]},
			"faces": {
				"north": {"uv": [5.5, 6, 7.5, 6.5], "texture": "#0"},
				"east": {"uv": [8.5, 2, 9, 2.5], "texture": "#0"},
				"south": {"uv": [6.5, 0, 8.5, 0.5], "texture": "#0"},
				"west": {"uv": [2.5, 8.5, 3, 9], "texture": "#0"},
				"up": {"uv": [8.5, 1, 6.5, 0.5], "texture": "#0"},
				"down": {"uv": [8.5, 1, 6.5, 1.5], "texture": "#0"}
			}
		},
		{
			"from": [0.50321, 27.53456, 4.01],
			"to": [1.86821, 28.89956, 6.67],
			"rotation": {"angle": 22.5, "axis": "z", "origin": [-0.70429, 27.51706, 7.44]},
			"faces": {
				"north": {"uv": [8.5, 2.5, 9, 3], "texture": "#0"},
				"east": {"uv": [1, 7.5, 2, 8], "texture": "#0"},
				"south": {"uv": [3, 8.5, 3.5, 9], "texture": "#0"},
				"west": {"uv": [7.5, 1.5, 8.5, 2], "texture": "#0"},
				"up": {"uv": [2.5, 8.5, 2, 7.5], "texture": "#0"},
				"down": {"uv": [8, 2, 7.5, 3], "texture": "#0"}
			}
		},
		{
			"from": [-2.57486, 23.82702, 4.01],
			"to": [-1.20986, 25.19202, 6.67],
			"rotation": {"angle": -22.5, "axis": "z", "origin": [-5.39236, 28.21952, 7.44]},
			"faces": {
				"north": {"uv": [8.5, 3, 9, 3.5], "texture": "#0"},
				"east": {"uv": [3, 7.5, 4, 8], "texture": "#0"},
				"south": {"uv": [3.5, 8.5, 4, 9], "texture": "#0"},
				"west": {"uv": [7.5, 3.5, 8.5, 4], "texture": "#0"},
				"up": {"uv": [8, 5, 7.5, 4], "texture": "#0"},
				"down": {"uv": [6, 7.5, 5.5, 8.5], "texture": "#0"}
			}
		},
		{
			"from": [5.74003, 30.54753, 3.975],
			"to": [7.10503, 31.91253, 6.635],
			"rotation": {"angle": -22.5, "axis": "z", "origin": [0.12253, 34.94003, 7.405]},
			"faces": {
				"north": {"uv": [8.5, 3.5, 9, 4], "texture": "#0"},
				"east": {"uv": [7.5, 5, 8.5, 5.5], "texture": "#0"},
				"south": {"uv": [4, 8.5, 4.5, 9], "texture": "#0"},
				"west": {"uv": [6, 7.5, 7, 8], "texture": "#0"},
				"up": {"uv": [8, 7, 7.5, 6], "texture": "#0"},
				"down": {"uv": [7.5, 7.5, 7, 8.5], "texture": "#0"}
			}
		},
		{
			"from": [-4.53096, 21.34059, 4.01],
			"to": [-3.16596, 22.70559, 6.67],
			"rotation": {"angle": 45, "axis": "z", "origin": [4.06154, 21.32309, 8.84]},
			"faces": {
				"north": {"uv": [8.5, 4, 9, 4.5], "texture": "#0"},
				"east": {"uv": [7.5, 7, 8.5, 7.5], "texture": "#0"},
				"south": {"uv": [4.5, 8.5, 5, 9], "texture": "#0"},
				"west": {"uv": [7.5, 7.5, 8.5, 8], "texture": "#0"},
				"up": {"uv": [0.5, 9, 0, 8], "texture": "#0"},
				"down": {"uv": [1.5, 8, 1, 9], "texture": "#0"}
			}
		}
	],
	"display": {
		"thirdperson_righthand": {
			"translation": [0, -3, 0],
			"scale": [0.5, 0.5, 0.5]
		},
		"thirdperson_lefthand": {
			"translation": [0, -3, 0],
			"scale": [0.5, 0.5, 0.5]
		},
		"firstperson_righthand": {
			"rotation": [0, 135, 0],
			"translation": [-3.5, 1, 4],
			"scale": [0.3, 0.3, 0.3]
		},
		"firstperson_lefthand": {
			"rotation": [0, 135, 0],
			"translation": [-3.5, 1, 4],
			"scale": [0.3, 0.3, 0.3]
		},
		"ground": {
			"translation": [0, -6, 0],
			"scale": [0.5, 0.5, 0.5]
		},
		"gui": {
			"rotation": [35, -135, 0],
			"translation": [-0.75, -7.75, 0],
			"scale": [0.74, 0.74, 0.74]
		},
		"head": {
			"translation": [0, 0, -1.25],
			"scale": [1, 0.9, 0.9]
		},
		"fixed": {
			"translation": [0, -12.75, 0]
		}
	},
	"groups": [
		{
			"name": "group",
			"origin": [12.52747, 5.62364, 3.6],
			"color": 0,
			"children": [0, 1, 2, 3, 4, 5, 6, 7, 8]
		},
		{
			"name": "group",
			"origin": [12.52747, 5.62364, 3.6],
			"color": 0,
			"children": [9, 10, 11, 12, 13, 14, 15, 16, 17]
		}
	]
}