{
	"credit": "Made with Blockbench",
	"parent": "simplehats:item/hatparent2",
	"texture_size": [64, 64],
	"textures": {
		"0": "simplehats:item/hats/druid_antlers",
		"particle": "simplehats:item/hats/druid_antlers"
	},
	"elements": [
		{
			"from": [12, 3, 7],
			"to": [14, 12, 9],
			"rotation": {"angle": -22.5, "axis": "z", "origin": [14, 7, 6]},
			"faces": {
				"north": {"uv": [0.25, 0.25, 0.75, 2.5], "texture": "#0"},
				"east": {"uv": [1, 0.25, 1.5, 2.5], "texture": "#0"},
				"south": {"uv": [1.75, 0.25, 2.25, 2.5], "texture": "#0"},
				"west": {"uv": [2.5, 0.25, 3, 2.5], "texture": "#0"},
				"up": {"uv": [2.5, 6.25, 2, 5.75], "rotation": 270, "texture": "#0"},
				"down": {"uv": [4.5, 5.75, 4, 6.25], "texture": "#0"}
			}
		},
		{
			"from": [14, 7, 7],
			"to": [18, 9, 9],
			"rotation": {"angle": -22.5, "axis": "z", "origin": [14, 7, 6]},
			"faces": {
				"north": {"uv": [4, 2, 5, 2.5], "texture": "#0"},
				"east": {"uv": [5.75, 5, 6.25, 5.5], "texture": "#0"},
				"south": {"uv": [4, 2.75, 5, 3.25], "texture": "#0"},
				"west": {"uv": [5.75, 5.75, 6.25, 6.25], "texture": "#0"},
				"up": {"uv": [5, 4, 4, 3.5], "texture": "#0"},
				"down": {"uv": [5, 4.25, 4, 4.75], "texture": "#0"}
			}
		},
		{
			"from": [17, 8.025, 6],
			"to": [20, 10.025, 8],
			"rotation": {"angle": -22.5, "axis": "z", "origin": [14, 7, 6]},
			"faces": {
				"north": {"uv": [4.25, 0.25, 5, 0.75], "texture": "#0"},
				"east": {"uv": [6, 1.75, 6.5, 2.25], "texture": "#0"},
				"south": {"uv": [4.25, 1, 5, 1.5], "texture": "#0"},
				"west": {"uv": [4.75, 6, 5.25, 6.5], "texture": "#0"},
				"up": {"uv": [1, 5.5, 0.25, 5], "texture": "#0"},
				"down": {"uv": [2, 5, 1.25, 5.5], "texture": "#0"}
			}
		},
		{
			"from": [15, 8.025, 8],
			"to": [17, 16.025, 10],
			"rotation": {"angle": -22.5, "axis": "z", "origin": [14, 7, 6]},
			"faces": {
				"north": {"uv": [0.25, 2.75, 0.75, 4.75], "texture": "#0"},
				"east": {"uv": [1, 2.75, 1.5, 4.75], "texture": "#0"},
				"south": {"uv": [1.75, 2.75, 2.25, 4.75], "texture": "#0"},
				"west": {"uv": [2.5, 2.75, 3, 4.75], "texture": "#0"},
				"up": {"uv": [6.75, 3, 6.25, 2.5], "texture": "#0"},
				"down": {"uv": [6.5, 1.75, 6, 2.25], "texture": "#0"}
			}
		},
		{
			"from": [19, 9.025, 5],
			"to": [21, 15.025, 7],
			"rotation": {"angle": -22.5, "axis": "z", "origin": [14, 7, 6]},
			"faces": {
				"north": {"uv": [3.25, 0.25, 3.75, 1.75], "texture": "#0"},
				"east": {"uv": [3.25, 2, 3.75, 3.5], "texture": "#0"},
				"south": {"uv": [3.25, 3.75, 3.75, 5.25], "texture": "#0"},
				"west": {"uv": [3.25, 0.25, 3.75, 1.75], "texture": "#0"},
				"up": {"uv": [2.5, 6.25, 2, 5.75], "texture": "#0"},
				"down": {"uv": [1.5, 6.5, 1, 7], "texture": "#0"}
			}
		},
		{
			"from": [20, 10.025, 6],
			"to": [22, 12.025, 8],
			"rotation": {"angle": -22.5, "axis": "z", "origin": [14, 7, 6]},
			"faces": {
				"north": {"uv": [4.75, 6, 5.25, 6.5], "texture": "#0"},
				"east": {"uv": [2.5, 6.5, 3, 7], "texture": "#0"},
				"south": {"uv": [3.25, 6.5, 3.75, 7], "texture": "#0"},
				"west": {"uv": [4, 6.5, 4.5, 7], "texture": "#0"},
				"up": {"uv": [2.25, 7, 1.75, 6.5], "texture": "#0"},
				"down": {"uv": [6, 6.5, 5.5, 7], "texture": "#0"}
			}
		},
		{
			"from": [15, 6, 5],
			"to": [17, 8, 8],
			"rotation": {"angle": -22.5, "axis": "z", "origin": [14, 7, 6]},
			"faces": {
				"north": {"uv": [5.25, 3.5, 5.75, 4], "rotation": 180, "texture": "#0"},
				"east": {"uv": [2.25, 5, 3, 5.5], "texture": "#0"},
				"south": {"uv": [5, 5.25, 5.5, 5.75], "texture": "#0"},
				"west": {"uv": [4, 5, 4.75, 5.5], "texture": "#0"},
				"up": {"uv": [3.75, 6.25, 3.25, 5.5], "texture": "#0"},
				"down": {"uv": [5.75, 1.75, 5.25, 2.5], "texture": "#0"}
			}
		},
		{
			"from": [13, 7.025, 8],
			"to": [15, 9.025, 11],
			"rotation": {"angle": -22.5, "axis": "z", "origin": [14, 7, 6]},
			"faces": {
				"north": {"uv": [0.25, 6.75, 0.75, 7.25], "texture": "#0"},
				"east": {"uv": [5.25, 2.75, 6, 3.25], "texture": "#0"},
				"south": {"uv": [6.75, 0.25, 7.25, 0.75], "texture": "#0"},
				"west": {"uv": [5.25, 4.25, 6, 4.75], "texture": "#0"},
				"up": {"uv": [3.75, 6.25, 3.25, 5.5], "texture": "#0"},
				"down": {"uv": [0.75, 5.75, 0.25, 6.5], "texture": "#0"}
			}
		},
		{
			"from": [16, 12, 9],
			"to": [19, 14, 11],
			"rotation": {"angle": -22.5, "axis": "z", "origin": [14, 7, 6]},
			"faces": {
				"north": {"uv": [5.25, 4.25, 6, 4.75], "texture": "#0"},
				"east": {"uv": [6.75, 1, 7.25, 1.5], "texture": "#0"},
				"south": {"uv": [5.5, 0.25, 6.25, 0.75], "texture": "#0"},
				"west": {"uv": [6.75, 1.75, 7.25, 2.25], "texture": "#0"},
				"up": {"uv": [1.75, 6.25, 1, 5.75], "texture": "#0"},
				"down": {"uv": [6.25, 1, 5.5, 1.5], "texture": "#0"}
			}
		},
		{
			"from": [2, 3, 7],
			"to": [4, 12, 9],
			"rotation": {"angle": 22.5, "axis": "z", "origin": [2, 7, 6]},
			"faces": {
				"north": {"uv": [0.75, 0.25, 0.25, 2.5], "texture": "#0"},
				"east": {"uv": [3, 0.25, 2.5, 2.5], "texture": "#0"},
				"south": {"uv": [2.25, 0.25, 1.75, 2.5], "texture": "#0"},
				"west": {"uv": [1.5, 0.25, 1, 2.5], "texture": "#0"},
				"up": {"uv": [2.5, 5.75, 2, 6.25], "rotation": 270, "texture": "#0"},
				"down": {"uv": [4, 5.75, 4.5, 6.25], "texture": "#0"}
			}
		},
		{
			"from": [-2, 7, 7],
			"to": [2, 9, 9],
			"rotation": {"angle": 22.5, "axis": "z", "origin": [2, 7, 6]},
			"faces": {
				"north": {"uv": [5, 2, 4, 2.5], "texture": "#0"},
				"east": {"uv": [6.25, 5.75, 5.75, 6.25], "texture": "#0"},
				"south": {"uv": [5, 2.75, 4, 3.25], "texture": "#0"},
				"west": {"uv": [6.25, 5, 5.75, 5.5], "texture": "#0"},
				"up": {"uv": [4, 4, 5, 3.5], "texture": "#0"},
				"down": {"uv": [4, 4.25, 5, 4.75], "texture": "#0"}
			}
		},
		{
			"from": [-4, 8.025, 6],
			"to": [-1, 10.025, 8],
			"rotation": {"angle": 22.5, "axis": "z", "origin": [2, 7, 6]},
			"faces": {
				"north": {"uv": [5, 0.25, 4.25, 0.75], "texture": "#0"},
				"east": {"uv": [5.25, 6, 4.75, 6.5], "texture": "#0"},
				"south": {"uv": [5, 1, 4.25, 1.5], "texture": "#0"},
				"west": {"uv": [6.5, 1.75, 6, 2.25], "texture": "#0"},
				"up": {"uv": [0.25, 5.5, 1, 5], "texture": "#0"},
				"down": {"uv": [1.25, 5, 2, 5.5], "texture": "#0"}
			}
		},
		{
			"from": [-1, 8.025, 8],
			"to": [1, 16.025, 10],
			"rotation": {"angle": 22.5, "axis": "z", "origin": [2, 7, 6]},
			"faces": {
				"north": {"uv": [0.75, 2.75, 0.25, 4.75], "texture": "#0"},
				"east": {"uv": [3, 2.75, 2.5, 4.75], "texture": "#0"},
				"south": {"uv": [2.25, 2.75, 1.75, 4.75], "texture": "#0"},
				"west": {"uv": [1.5, 2.75, 1, 4.75], "texture": "#0"},
				"up": {"uv": [6.25, 3, 6.75, 2.5], "texture": "#0"},
				"down": {"uv": [6, 1.75, 6.5, 2.25], "texture": "#0"}
			}
		},
		{
			"from": [-5, 9.025, 5],
			"to": [-3, 15.025, 7],
			"rotation": {"angle": 22.5, "axis": "z", "origin": [2, 7, 6]},
			"faces": {
				"north": {"uv": [3.75, 0.25, 3.25, 1.75], "texture": "#0"},
				"east": {"uv": [3.75, 0.25, 3.25, 1.75], "texture": "#0"},
				"south": {"uv": [3.75, 3.75, 3.25, 5.25], "texture": "#0"},
				"west": {"uv": [3.75, 2, 3.25, 3.5], "texture": "#0"},
				"up": {"uv": [2, 6.25, 2.5, 5.75], "texture": "#0"},
				"down": {"uv": [1, 6.5, 1.5, 7], "texture": "#0"}
			}
		},
		{
			"from": [-6, 10.025, 6],
			"to": [-4, 12.025, 8],
			"rotation": {"angle": 22.5, "axis": "z", "origin": [2, 7, 6]},
			"faces": {
				"north": {"uv": [5.25, 6, 4.75, 6.5], "texture": "#0"},
				"east": {"uv": [4.5, 6.5, 4, 7], "texture": "#0"},
				"south": {"uv": [3.75, 6.5, 3.25, 7], "texture": "#0"},
				"west": {"uv": [3, 6.5, 2.5, 7], "texture": "#0"},
				"up": {"uv": [1.75, 7, 2.25, 6.5], "texture": "#0"},
				"down": {"uv": [5.5, 6.5, 6, 7], "texture": "#0"}
			}
		},
		{
			"from": [-1, 6, 5],
			"to": [1, 8, 8],
			"rotation": {"angle": 22.5, "axis": "z", "origin": [2, 7, 6]},
			"faces": {
				"north": {"uv": [5.75, 3.5, 5.25, 4], "rotation": 180, "texture": "#0"},
				"east": {"uv": [4.75, 5, 4, 5.5], "texture": "#0"},
				"south": {"uv": [5.5, 5.25, 5, 5.75], "texture": "#0"},
				"west": {"uv": [3, 5, 2.25, 5.5], "texture": "#0"},
				"up": {"uv": [3.25, 6.25, 3.75, 5.5], "texture": "#0"},
				"down": {"uv": [5.25, 1.75, 5.75, 2.5], "texture": "#0"}
			}
		},
		{
			"from": [1, 7.025, 8],
			"to": [3, 9.025, 11],
			"rotation": {"angle": 22.5, "axis": "z", "origin": [2, 7, 6]},
			"faces": {
				"north": {"uv": [0.75, 6.75, 0.25, 7.25], "texture": "#0"},
				"east": {"uv": [6, 4.25, 5.25, 4.75], "texture": "#0"},
				"south": {"uv": [7.25, 0.25, 6.75, 0.75], "texture": "#0"},
				"west": {"uv": [6, 2.75, 5.25, 3.25], "texture": "#0"},
				"up": {"uv": [3.25, 6.25, 3.75, 5.5], "texture": "#0"},
				"down": {"uv": [0.25, 5.75, 0.75, 6.5], "texture": "#0"}
			}
		},
		{
			"from": [-3, 12, 9],
			"to": [0, 14, 11],
			"rotation": {"angle": 22.5, "axis": "z", "origin": [2, 7, 6]},
			"faces": {
				"north": {"uv": [6, 4.25, 5.25, 4.75], "texture": "#0"},
				"east": {"uv": [7.25, 1.75, 6.75, 2.25], "texture": "#0"},
				"south": {"uv": [6.25, 0.25, 5.5, 0.75], "texture": "#0"},
				"west": {"uv": [7.25, 1, 6.75, 1.5], "texture": "#0"},
				"up": {"uv": [1, 6.25, 1.75, 5.75], "texture": "#0"},
				"down": {"uv": [5.5, 1, 6.25, 1.5], "texture": "#0"}
			}
		},
		{
			"from": [11.75, 2.25, 6.75],
			"to": [14.25, 13.5, 6.775],
			"rotation": {"angle": -22.5, "axis": "z", "origin": [14, 7, 6]},
			"faces": {
				"north": {"uv": [9, 2.25, 8.5, 4.5], "texture": "#0"},
				"south": {"uv": [9, 2.25, 8.5, 4.5], "texture": "#0"}
			}
		},
		{
			"from": [11.75, 2.25, 6.75],
			"to": [11.775, 13.5, 9.25],
			"rotation": {"angle": -22.5, "axis": "z", "origin": [14, 7, 6]},
			"faces": {
				"east": {"uv": [9.75, 4.75, 9.25, 7], "texture": "#0"},
				"west": {"uv": [9.25, 4.75, 9.75, 7], "texture": "#0"}
			}
		},
		{
			"from": [11.75, 2.25, 9.225],
			"to": [14.25, 13.5, 9.25],
			"rotation": {"angle": -22.5, "axis": "z", "origin": [14, 7, 6]},
			"faces": {
				"north": {"uv": [11.5, 6.5, 11, 8.75], "texture": "#0"},
				"south": {"uv": [11, 6.5, 11.5, 8.75], "texture": "#0"}
			}
		},
		{
			"from": [14.2, 2.25, 6.75],
			"to": [14.25, 13.5, 9.25],
			"rotation": {"angle": -22.5, "axis": "z", "origin": [14, 7, 6]},
			"faces": {
				"east": {"uv": [13.25, 3.75, 13.75, 6], "texture": "#0"},
				"west": {"uv": [13.25, 3.75, 13.75, 6], "texture": "#0"}
			}
		},
		{
			"from": [-2.62587, 6.16819, 6.75],
			"to": [3.62413, 9.66819, 6.775],
			"rotation": {"angle": 22.5, "axis": "z", "origin": [2.49913, 8.42444, 8]},
			"faces": {
				"north": {"uv": [12.75, 2.5, 12, 3.75], "rotation": 90, "texture": "#0"},
				"south": {"uv": [12.75, 3.75, 12, 2.5], "rotation": 90, "texture": "#0"}
			}
		},
		{
			"from": [-2.62587, 9.64319, 6.75],
			"to": [3.62413, 9.66819, 9.25],
			"rotation": {"angle": 22.5, "axis": "z", "origin": [2.49913, 8.42444, 8]},
			"faces": {
				"up": {"uv": [13.5, 2.5, 13, 3.75], "rotation": 270, "texture": "#0"},
				"down": {"uv": [13, 2.5, 13.5, 3.75], "rotation": 270, "texture": "#0"}
			}
		},
		{
			"from": [-2.62587, 7.16819, 9.225],
			"to": [3.62413, 9.66819, 9.25],
			"rotation": {"angle": 22.5, "axis": "z", "origin": [2.49913, 8.42444, 8]},
			"faces": {
				"north": {"uv": [13.25, 2.5, 13.75, 3.75], "rotation": 90, "texture": "#0"},
				"south": {"uv": [13.75, 2.5, 13.25, 3.75], "rotation": 270, "texture": "#0"}
			}
		},
		{
			"from": [4.1, 3.475, 6.75],
			"to": [4.125, 9.425, 9.25],
			"rotation": {"angle": 22.5, "axis": "z", "origin": [2, 7, 6]},
			"faces": {
				"east": {"uv": [15, 3, 14.5, 4.25], "texture": "#0"},
				"west": {"uv": [14.5, 3, 15, 4.25], "texture": "#0"}
			}
		},
		{
			"from": [14.75, 8.25, 7.75],
			"to": [17.25, 16, 7.775],
			"rotation": {"angle": -22.5, "axis": "z", "origin": [14, 7, 6]},
			"faces": {
				"north": {"uv": [9, 3, 8.5, 4.5], "texture": "#0"},
				"south": {"uv": [9, 3, 8.5, 4.5], "texture": "#0"}
			}
		},
		{
			"from": [14.75, 8.25, 7.75],
			"to": [14.775, 16, 10.25],
			"rotation": {"angle": -22.5, "axis": "z", "origin": [14, 7, 6]},
			"faces": {
				"east": {"uv": [9, 2.5, 8.5, 4], "texture": "#0"},
				"west": {"uv": [8.5, 2.5, 9, 4], "texture": "#0"}
			}
		},
		{
			"from": [14.75, 8.25, 10.225],
			"to": [17.25, 16, 10.25],
			"rotation": {"angle": -22.5, "axis": "z", "origin": [14, 7, 6]},
			"faces": {
				"north": {"uv": [11.25, 2.5, 10.75, 4], "texture": "#0"},
				"south": {"uv": [10.75, 2.5, 11.25, 4], "texture": "#0"}
			}
		},
		{
			"from": [17.2, 8.25, 7.75],
			"to": [17.25, 16, 10.25],
			"rotation": {"angle": -22.5, "axis": "z", "origin": [14, 7, 6]},
			"faces": {
				"east": {"uv": [13.25, 4.5, 13.75, 6], "texture": "#0"},
				"west": {"uv": [13.25, 4.5, 13.75, 6], "texture": "#0"}
			}
		},
		{
			"from": [-5.3, 8.25, 4.875],
			"to": [-2.8, 16, 4.9],
			"rotation": {"angle": 22.5, "axis": "z", "origin": [2, 7, 6]},
			"faces": {
				"north": {"uv": [8.5, 3, 9, 4.5], "texture": "#0"},
				"south": {"uv": [8.5, 3, 9, 4.5], "texture": "#0"}
			}
		},
		{
			"from": [-2.825, 8.25, 4.875],
			"to": [-2.8, 16, 7.375],
			"rotation": {"angle": 22.5, "axis": "z", "origin": [2, 7, 6]},
			"faces": {
				"east": {"uv": [9.75, 5.25, 9.25, 6.75], "texture": "#0"},
				"west": {"uv": [9.25, 5.25, 9.75, 6.75], "texture": "#0"}
			}
		},
		{
			"from": [-5.3, 8.25, 7.35],
			"to": [-2.8, 16, 7.375],
			"rotation": {"angle": 22.5, "axis": "z", "origin": [2, 7, 6]},
			"faces": {
				"north": {"uv": [8.25, 5, 8.75, 6.5], "texture": "#0"},
				"south": {"uv": [8.75, 5, 8.25, 6.5], "texture": "#0"}
			}
		},
		{
			"from": [-5.3, 8.25, 4.875],
			"to": [-5.25, 16, 7.375],
			"rotation": {"angle": 22.5, "axis": "z", "origin": [2, 7, 6]},
			"faces": {
				"east": {"uv": [13.75, 4.5, 13.25, 6], "texture": "#0"},
				"west": {"uv": [13.75, 4.5, 13.25, 6], "texture": "#0"}
			}
		},
		{
			"from": [-5.33532, 9.05105, 8.9],
			"to": [-2.23532, 11.30105, 8.9],
			"rotation": {"angle": 22.5, "axis": "z", "origin": [-6.31032, 11.2698, 6.125]},
			"faces": {
				"north": {"uv": [8.75, 3.75, 9.5, 4.25], "texture": "#0"},
				"south": {"uv": [8.75, 3.75, 9.5, 4.25], "texture": "#0"}
			}
		},
		{
			"from": [-5.33532, 9.02605, 8.9],
			"to": [-2.23532, 9.05105, 11.025],
			"rotation": {"angle": 22.5, "axis": "z", "origin": [-6.31032, 11.2698, 6.125]},
			"faces": {
				"up": {"uv": [9, 3.5, 9.5, 4.25], "rotation": 90, "texture": "#0"},
				"down": {"uv": [9.5, 3.5, 9, 4.25], "rotation": 90, "texture": "#0"}
			}
		},
		{
			"from": [-5.33532, 9.02605, 11.025],
			"to": [-2.23532, 11.27605, 11.025],
			"rotation": {"angle": 22.5, "axis": "z", "origin": [-6.31032, 11.2698, 6.125]},
			"faces": {
				"north": {"uv": [9.75, 3.25, 10.25, 4], "rotation": 270, "texture": "#0"},
				"south": {"uv": [11.5, 6.75, 11, 7.5], "rotation": 90, "texture": "#0"}
			}
		},
		{
			"from": [-5.33532, 11.22605, 8.9],
			"to": [-2.23532, 11.27605, 11.025],
			"rotation": {"angle": 22.5, "axis": "z", "origin": [-6.31032, 11.2698, 6.125]},
			"faces": {
				"up": {"uv": [13.25, 5.25, 13.75, 6], "rotation": 90, "texture": "#0"},
				"down": {"uv": [13.75, 5.25, 13.25, 6], "rotation": 90, "texture": "#0"}
			}
		},
		{
			"from": [20.82385, 8.74683, 4.95],
			"to": [22.97385, 12.09683, 4.95],
			"rotation": {"angle": -22.5, "axis": "z", "origin": [21.4426, 10.54683, 5.9625]},
			"faces": {
				"north": {"uv": [9, 3.5, 8.25, 3], "rotation": 270, "texture": "#0"},
				"south": {"uv": [9, 3.75, 8.25, 4.25], "rotation": 90, "texture": "#0"}
			}
		},
		{
			"from": [20.82385, 8.74683, 4.95],
			"to": [20.84885, 12.09683, 7.05],
			"rotation": {"angle": -22.5, "axis": "z", "origin": [21.4426, 10.54683, 5.9625]},
			"faces": {
				"east": {"uv": [8.5, 4.5, 9, 3.75], "rotation": 180, "texture": "#0"},
				"west": {"uv": [8.5, 4.5, 9, 3.75], "rotation": 180, "texture": "#0"}
			}
		},
		{
			"from": [20.82385, 8.74683, 7.025],
			"to": [23.02385, 12.09683, 7.025],
			"rotation": {"angle": -22.5, "axis": "z", "origin": [21.4426, 10.54683, 5.9625]},
			"faces": {
				"north": {"uv": [9.25, 6.75, 9.75, 6], "rotation": 180, "texture": "#0"},
				"south": {"uv": [9.75, 6.75, 9.25, 6], "rotation": 180, "texture": "#0"}
			}
		},
		{
			"from": [22.94885, 8.74683, 4.9],
			"to": [22.99885, 12.12183, 7.025],
			"rotation": {"angle": -22.5, "axis": "z", "origin": [21.4426, 10.54683, 5.9625]},
			"faces": {
				"east": {"uv": [13.25, 6, 13.75, 5.25], "rotation": 180, "texture": "#0"},
				"west": {"uv": [13.75, 6, 13.25, 5.25], "rotation": 180, "texture": "#0"}
			}
		},
		{
			"from": [11.63216, 6.67126, 6.7],
			"to": [14.63216, 9.67126, 6.725],
			"rotation": {"angle": 22.5, "axis": "z", "origin": [13.13216, 8.17126, 6.7125]},
			"faces": {
				"north": {"uv": [1.5, 8, 0.75, 8.75], "texture": "#0", "tintindex": 0},
				"south": {"uv": [1.5, 8, 0.75, 8.75], "texture": "#0", "tintindex": 0}
			}
		},
		{
			"from": [16.25156, 8.58468, 7.7],
			"to": [19.25156, 11.58468, 7.725],
			"rotation": {"angle": 0, "axis": "z", "origin": [17.75156, 10.08468, 7.7125]},
			"faces": {
				"north": {"uv": [1.5, 8, 0.75, 8.75], "texture": "#0", "tintindex": 0},
				"south": {"uv": [1.5, 8, 0.75, 8.75], "texture": "#0", "tintindex": 0}
			}
		},
		{
			"from": [0.25156, 9.58468, 6.95],
			"to": [3.25156, 12.58468, 6.975],
			"rotation": {"angle": -45, "axis": "z", "origin": [1.75156, 11.08468, 6.9625]},
			"faces": {
				"north": {"uv": [1.5, 8, 0.75, 8.75], "texture": "#0", "tintindex": 0},
				"south": {"uv": [1.5, 8, 0.75, 8.75], "texture": "#0", "tintindex": 0}
			}
		},
		{
			"from": [3.56749, 5.25625, 2.7125],
			"to": [3.59249, 8.25625, 5.7125],
			"rotation": {"angle": 45, "axis": "y", "origin": [4.57999, 8.25625, 6.9625]},
			"faces": {
				"east": {"uv": [1.5, 8, 0.75, 8.75], "texture": "#0", "tintindex": 0},
				"west": {"uv": [1.5, 8, 0.75, 8.75], "texture": "#0", "tintindex": 0}
			}
		},
		{
			"from": [-3.99108, 5.34204, 5.95],
			"to": [-0.99108, 8.34204, 5.975],
			"rotation": {"angle": 22.5, "axis": "z", "origin": [-2.49108, 6.84204, 5.9625]},
			"faces": {
				"north": {"uv": [1.5, 8, 0.75, 8.75], "rotation": 270, "texture": "#0", "tintindex": 0},
				"south": {"uv": [1.5, 8, 0.75, 8.75], "rotation": 90, "texture": "#0", "tintindex": 0}
			}
		},
		{
			"from": [-3.54555, 6.87957, 10.2],
			"to": [-0.54555, 9.87957, 10.225],
			"rotation": {"angle": -22.5, "axis": "z", "origin": [-2.04555, 8.37957, 10.2125]},
			"faces": {
				"north": {"uv": [1.5, 8, 0.75, 8.75], "texture": "#0", "tintindex": 0},
				"south": {"uv": [1.5, 8, 0.75, 8.75], "texture": "#0", "tintindex": 0}
			}
		},
		{
			"from": [13.74874, 3.8591, 8.45],
			"to": [16.74874, 6.8591, 8.475],
			"rotation": {"angle": 45, "axis": "x", "origin": [15.74874, 5.6091, 8.4625]},
			"faces": {
				"north": {"uv": [1.5, 8, 0.75, 8.75], "texture": "#0", "tintindex": 0},
				"south": {"uv": [1.5, 8, 0.75, 8.75], "texture": "#0", "tintindex": 0}
			}
		}
	],
	"display": {
		"gui": {
			"rotation": [35, -135, 0],
			"translation": [-0.5, -1.75, 0],
			"scale": [0.62, 0.62, 0.62]
		},
		"head": {
			"rotation": [-12, 0, 0],
			"translation": [0, 7, -2]
		},
		"fixed": {
			"scale": [1, 1, 0.02]
		}
	},
	"groups": [
		{
			"name": "group",
			"origin": [8, 8, 8],
			"color": 0,
			"children": [
				0,
				1,
				2,
				3,
				4,
				5,
				6,
				7,
				8,
				{
					"name": "group",
					"origin": [8, 8, 8],
					"color": 0,
					"children": [9, 10, 11, 12, 13, 14, 15, 16, 17]
				}
			]
		},
		{
			"name": "group",
			"origin": [8, 8, 8],
			"color": 0,
			"children": [18, 19, 20, 21]
		},
		{
			"name": "group",
			"origin": [8, 8, 8],
			"color": 0,
			"children": [22, 23, 24, 25]
		},
		{
			"name": "group",
			"origin": [8, 8, 8],
			"color": 0,
			"children": [
				26,
				27,
				28,
				29,
				{
					"name": "group",
					"origin": [8, 8, 8],
					"color": 0,
					"children": [30, 31, 32, 33]
				}
			]
		},
		{
			"name": "group",
			"origin": [8, 8, 8],
			"color": 0,
			"children": [34, 35, 36, 37]
		},
		{
			"name": "group",
			"origin": [8, 8, 8],
			"color": 0,
			"children": [38, 39, 40, 41]
		},
		{
			"name": "group",
			"origin": [8, 8, 8],
			"color": 0,
			"children": [42, 43, 44, 45, 46, 47, 48]
		}
	]
}