{
	"credit": "Made with Blockbench",
	"parent": "simplehats:item/hatparent",
	"texture_size": [64, 64],
	"textures": {
		"0": "simplehats:item/hats/elf_hat"
	},
	"elements": [
		{
			"from": [1, 0, 1],
			"to": [15, 4, 15],
			"faces": {
				"north": {"uv": [9, 5.5, 12.5, 6.5], "texture": "#0"},
				"east": {"uv": [9, 6.5, 12.5, 7.5], "texture": "#0"},
				"south": {"uv": [6.75, 9, 10.25, 10], "texture": "#0"},
				"west": {"uv": [9, 7.5, 12.5, 8.5], "texture": "#0"},
				"up": {"uv": [3.5, 3.5, 0, 0], "texture": "#0"},
				"down": {"uv": [3.5, 3.5, 0, 7], "texture": "#0"}
			}
		},
		{
			"from": [2, -7.75, 3],
			"to": [14, 1.5, 13],
			"rotation": {"angle": -45, "axis": "x", "origin": [0, 0, 0]},
			"faces": {
				"north": {"uv": [3.5, 5, 6.5, 7.25], "texture": "#0"},
				"east": {"uv": [6.5, 2.25, 9, 4.5], "texture": "#0"},
				"south": {"uv": [6.5, 0, 9.5, 2.25], "texture": "#0"},
				"west": {"uv": [6.5, 4.5, 9, 6.75], "texture": "#0"},
				"up": {"uv": [6.5, 2.5, 3.5, 0], "texture": "#0"},
				"down": {"uv": [6.5, 2.5, 3.5, 5], "texture": "#0"}
			}
		},
		{
			"from": [3, -8.75, 13],
			"to": [13, 0.5, 16],
			"rotation": {"angle": -45, "axis": "x", "origin": [0, 0, 0]},
			"faces": {
				"north": {"uv": [6.5, 6.75, 9, 9], "texture": "#0"},
				"east": {"uv": [1.5, 10, 2.25, 12.25], "texture": "#0"},
				"south": {"uv": [0, 7, 2.5, 9.25], "texture": "#0"},
				"west": {"uv": [6.75, 10, 7.5, 12.25], "texture": "#0"},
				"up": {"uv": [2.5, 10, 0, 9.25], "texture": "#0"},
				"down": {"uv": [12, 0, 9.5, 0.75], "texture": "#0"}
			}
		},
		{
			"from": [5, -13.5, 12],
			"to": [11, -0.5, 17],
			"rotation": {"angle": -45, "axis": "x", "origin": [0, 0, 0]},
			"faces": {
				"north": {"uv": [2.5, 7.25, 4, 10.5], "texture": "#0"},
				"east": {"uv": [9, 2.25, 10.25, 5.5], "texture": "#0"},
				"south": {"uv": [4, 7.25, 5.5, 10.5], "texture": "#0"},
				"west": {"uv": [5.5, 9, 6.75, 12.25], "texture": "#0"},
				"up": {"uv": [11, 2, 9.5, 0.75], "texture": "#0"},
				"down": {"uv": [1.5, 10, 0, 11.25], "texture": "#0"}
			}
		}
	],
	"display": {
		"thirdperson_righthand": {
			"translation": [0, 2.75, 0],
			"scale": [0.41, 0.41, 0.41]
		},
		"thirdperson_lefthand": {
			"translation": [0, 2.75, 0],
			"scale": [0.4, 0.4, 0.4]
		},
		"firstperson_righthand": {
			"rotation": [0, 130, 0],
			"translation": [2, 2, -1],
			"scale": [0.6, 0.6, 0.6]
		},
		"firstperson_lefthand": {
			"rotation": [0, 130, 0],
			"translation": [2, 2, -1],
			"scale": [0.6, 0.6, 0.6]
		},
		"ground": {
			"translation": [0, 0.75, 0],
			"scale": [0.6, 0.6, 0.6]
		},
		"gui": {
			"rotation": [35, -135, 0],
			"translation": [0, 1.5, 0],
			"scale": [0.6, 0.6, 0.6]
		},
		"head": {
			"translation": [0, 13.5, 0],
			"scale": [1.04, 1, 1.04]
		},
		"fixed": {
			"translation": [0, 0, -1],
			"scale": [1, 1, 0.1]
		}
	}
}