{
	"display": {
		"thirdperson_righthand": {
			"rotation": [0, 135, 0],
			"translation": [0, 2, 0],
			"scale": [0.33, 0.33, 0.33]
		},
		"thirdperson_lefthand": {
			"rotation": [0, 135, 0],
			"translation": [0, 2, 0],
			"scale": [0.33, 0.33, 0.33]
		},
		"firstperson_righthand": {
			"rotation": [0, 135, 0],
			"translation": [0, 2, 0],
			"scale": [0.33, 0.33, 0.33]
		},
		"firstperson_lefthand": {
			"rotation": [0, 135, 0],
			"translation": [0, 2, 0],
			"scale": [0.33, 0.33, 0.33]
		},
		"ground": {
			"translation": [0, -1, 0],
			"scale": [0.33, 0.33, 0.33]
		},
		"gui": {
			"rotation": [30, 135, 0],
			"translation": [0, -2, 0],
			"scale": [0.5, 0.5, 0.5]
		}
	}
}