{
	"parent": "simplehats:item/hatparent",
	"texture_size": [64, 64],
	"textures": {
		"0": "simplehats:item/hats/presents_stack",
		"particle": "simplehats:item/hats/presents_stack"
	},
	"elements": [
		{
			"from": [3.5, 11, 3.5],
			"to": [12.5, 20, 12.5],
			"faces": {
				"north": {"uv": [0, 0, 2.25, 2.25], "texture": "#0"},
				"east": {"uv": [0, 2.25, 2.25, 4.5], "texture": "#0"},
				"south": {"uv": [2.25, 0, 4.5, 2.25], "texture": "#0"},
				"west": {"uv": [2.25, 2.25, 4.5, 4.5], "texture": "#0"},
				"up": {"uv": [2.25, 6.75, 0, 4.5], "texture": "#0"},
				"down": {"uv": [6.75, 0, 4.5, 2.25], "texture": "#0"}
			}
		},
		{
			"from": [1.5, 20, 4.5],
			"to": [11.5, 23, 11.5],
			"faces": {
				"north": {"uv": [6.75, 0, 9.25, 0.75], "texture": "#0"},
				"east": {"uv": [6.75, 1.5, 8.5, 2.25], "texture": "#0"},
				"south": {"uv": [6.75, 0.75, 9.25, 1.5], "texture": "#0"},
				"west": {"uv": [7, 2.25, 8.75, 3], "texture": "#0"},
				"up": {"uv": [4.75, 6.25, 2.25, 4.5], "texture": "#0"},
				"down": {"uv": [7, 2.25, 4.5, 4], "texture": "#0"}
			}
		},
		{
			"from": [5.5, 23, 4.5],
			"to": [11.5, 29, 10.5],
			"faces": {
				"north": {"uv": [6.5, 5.75, 8, 7.25], "texture": "#0"},
				"east": {"uv": [4.75, 4, 6.25, 5.5], "texture": "#0"},
				"south": {"uv": [0, 6.75, 1.5, 8.25], "texture": "#0"},
				"west": {"uv": [4.75, 5.5, 6.25, 7], "texture": "#0"},
				"up": {"uv": [3.75, 8, 2.25, 6.5], "texture": "#0"},
				"down": {"uv": [8, 4, 6.5, 5.75], "texture": "#0"}
			}
		},
		{
			"from": [6.5, 29, 6.5],
			"to": [9.5, 32, 9.5],
			"faces": {
				"north": {"uv": [3.75, 6.25, 4.5, 7], "texture": "#0"},
				"east": {"uv": [7, 3, 7.75, 3.75], "texture": "#0"},
				"south": {"uv": [4.75, 7, 5.5, 7.75], "texture": "#0"},
				"west": {"uv": [3.75, 7.25, 4.5, 8], "texture": "#0"},
				"up": {"uv": [6.75, 8.25, 6, 7.5], "texture": "#0"},
				"down": {"uv": [7.75, 7.25, 7, 8], "texture": "#0"}
			}
		}
	],
	"display": {
		"thirdperson_righthand": {
			"translation": [0, -1.5, 0],
			"scale": [0.51, 0.51, 0.51]
		},
		"thirdperson_lefthand": {
			"translation": [0, -1.5, 0],
			"scale": [0.51, 0.51, 0.51]
		},
		"firstperson_righthand": {
			"rotation": [0, 135, 0],
			"translation": [2.5, 0, 0],
			"scale": [0.5, 0.5, 0.5]
		},
		"firstperson_lefthand": {
			"rotation": [0, 135, 0],
			"translation": [2.5, 0, 0],
			"scale": [0.5, 0.5, 0.5]
		},
		"ground": {
			"translation": [0, -10.5, 0]
		},
		"gui": {
			"rotation": [35, -135, 0],
			"translation": [0, -7, 0],
			"scale": [0.7, 0.7, 0.7]
		},
		"head": {
			"translation": [0, 3.25, 0]
		},
		"fixed": {
			"translation": [0, -12.75, 0],
			"scale": [1, 1, 0.02]
		}
	}
}