{
	"credit": "Made with Blockbench",
	"parent": "simplehats:item/hatparent",
	"textures": {
		"0": "simplehats:item/hats/red_nose"
	},
	"elements": [
		{
			"from": [6.5, 5, 6.5],
			"to": [9.5, 8, 9.5],
			"faces": {
				"north": {"uv": [0, 0, 3, 3], "texture": "#0"},
				"east": {"uv": [0, 3, 3, 6], "texture": "#0"},
				"south": {"uv": [3, 3, 6, 6], "texture": "#0"},
				"west": {"uv": [3, 0, 6, 3], "texture": "#0"},
				"up": {"uv": [3, 9, 0, 6], "texture": "#0"},
				"down": {"uv": [6, 6, 3, 9], "texture": "#0"}
			}
		}
	],
	"display": {
		"thirdperson_righthand": {
			"translation": [0, 1, -0.5],
			"scale": [0.5, 0.5, 0.5]
		},
		"thirdperson_lefthand": {
			"translation": [0, 1, -0.5],
			"scale": [0.5, 0.5, 0.5]
		},
		"firstperson_righthand": {
			"translation": [0, 2, 0],
			"scale": [0.5, 0.5, 0.5]
		},
		"firstperson_lefthand": {
			"translation": [0, 2, 0],
			"scale": [0.5, 0.5, 0.5]
		},
		"ground": {
			"translation": [0, -1, 0]
		},
		"gui": {
			"rotation": [35, -135, 0],
			"translation": [0, 1, 0],
			"scale": [1.25, 1.25, 1.25]
		},
		"head": {
			"translation": [0, -0.25, -8],
			"scale": [1.25, 1.25, 1.25]
		},
		"fixed": {
			"translation": [0, 2, 0],
			"scale": [1.25, 1.25, 1.25]
		}
	}
}