{
	"credit": "Made with Blockbench",
	"parent": "simplehats:item/hatparent",
	"texture_size": [64, 64],
	"textures": {
		"2": "simplehats:item/hats/santa_claus"
	},
	"elements": [
		{
			"from": [-0.47, 10.57, -0.47],
			"to": [16.47, 15.41, 16.47],
			"rotation": {"angle": 0, "axis": "y", "origin": [-1.68, 10.57, -1.68]},
			"faces": {
				"north": {"uv": [3, 8.75, 7.25, 10], "texture": "#2"},
				"east": {"uv": [3, 10, 7.25, 11.25], "texture": "#2"},
				"south": {"uv": [11, 2.75, 15.25, 4], "texture": "#2"},
				"west": {"uv": [11, 4, 15.25, 5.25], "texture": "#2"},
				"up": {"uv": [4.25, 4.25, 0, 0], "texture": "#2"},
				"down": {"uv": [4.25, 4.25, 0, 8.5], "texture": "#2"}
			}
		},
		{
			"from": [0.74, 1.1925, 1.95],
			"to": [15.26, 12.385, 14.05],
			"rotation": {"angle": -45, "axis": "x", "origin": [-1.68, 10.57, -1.68]},
			"faces": {
				"north": {"uv": [4.25, 6, 8, 8.75], "texture": "#2"},
				"east": {"uv": [8, 2.75, 11, 5.5], "texture": "#2"},
				"south": {"uv": [8, 0, 11.75, 2.75], "texture": "#2"},
				"west": {"uv": [8, 5.5, 11, 8.25], "texture": "#2"},
				"up": {"uv": [8, 3, 4.25, 0], "texture": "#2"},
				"down": {"uv": [8, 3, 4.25, 6], "texture": "#2"}
			}
		},
		{
			"from": [1.95, -0.0175, 14.05],
			"to": [14.05, 11.175, 17.68],
			"rotation": {"angle": -45, "axis": "x", "origin": [-1.68, 10.57, -1.68]},
			"faces": {
				"north": {"uv": [8, 8.25, 11, 11], "texture": "#2"},
				"east": {"uv": [12.25, 5.25, 13.25, 8], "texture": "#2"},
				"south": {"uv": [0, 8.5, 3, 11.25], "texture": "#2"},
				"west": {"uv": [12.25, 8, 13.25, 10.75], "texture": "#2"},
				"up": {"uv": [14.75, 1, 11.75, 0], "texture": "#2"},
				"down": {"uv": [14.75, 1, 11.75, 2], "texture": "#2"}
			}
		},
		{
			"from": [5.58, -0.925, 14.05],
			"to": [10.42, 9.965, 18.89],
			"rotation": {"angle": -45, "axis": "x", "origin": [-1.68, 10.57, -1.68]},
			"faces": {
				"north": {"uv": [11, 5.25, 12.25, 8], "texture": "#2"},
				"east": {"uv": [7.25, 11, 8.5, 13.75], "texture": "#2"},
				"south": {"uv": [11, 8, 12.25, 10.75], "texture": "#2"},
				"west": {"uv": [8.5, 11, 9.75, 13.75], "texture": "#2"},
				"up": {"uv": [11, 14, 9.75, 12.75], "texture": "#2"},
				"down": {"uv": [14.5, 9.25, 13.25, 10.5], "texture": "#2"}
			}
		},
		{
			"from": [4.37, -8.185, 12.84],
			"to": [11.63, -0.925, 20.1],
			"rotation": {"angle": -45, "axis": "x", "origin": [-1.68, 10.57, -1.68]},
			"faces": {
				"north": {"uv": [9.75, 11, 11.5, 12.75], "texture": "#2"},
				"east": {"uv": [0, 11.25, 1.75, 13], "texture": "#2"},
				"south": {"uv": [1.75, 11.25, 3.5, 13], "texture": "#2"},
				"west": {"uv": [3.5, 11.25, 5.25, 13], "texture": "#2"},
				"up": {"uv": [7, 13, 5.25, 11.25], "texture": "#2"},
				"down": {"uv": [13.25, 10.75, 11.5, 12.5], "texture": "#2"}
			}
		},
		{
			"from": [1.4, 7.325, 0.3],
			"to": [3.6, 9.525, 1.4],
			"rotation": {"angle": 0, "axis": "y", "origin": [-0.8, -1.8, -0.8]},
			"faces": {
				"north": {"uv": [11, 12.75, 11.5, 13.25], "texture": "#2"},
				"east": {"uv": [7, 11.25, 7.25, 11.75], "texture": "#2"},
				"south": {"uv": [12.75, 13.25, 13.25, 13.75], "texture": "#2"},
				"west": {"uv": [7, 11.75, 7.25, 12.25], "texture": "#2"},
				"up": {"uv": [4.25, 8.75, 3.75, 8.5], "texture": "#2"},
				"down": {"uv": [11.5, 10.75, 11, 11], "texture": "#2"}
			}
		},
		{
			"from": [2.5, 8.425, 0.2725],
			"to": [5.8, 10.625, 1.3725],
			"rotation": {"angle": 0, "axis": "y", "origin": [-0.8, -1.8, -0.8]},
			"faces": {
				"north": {"uv": [7.25, 10.25, 8, 10.75], "texture": "#2"},
				"east": {"uv": [7, 12.25, 7.25, 12.75], "texture": "#2"},
				"south": {"uv": [13.25, 11.5, 14, 12], "texture": "#2"},
				"west": {"uv": [7, 12.75, 7.25, 13.25], "texture": "#2"},
				"up": {"uv": [3.75, 8.75, 3, 8.5], "texture": "#2"},
				"down": {"uv": [8, 10.75, 7.25, 11], "texture": "#2"}
			}
		},
		{
			"from": [0.85, 2.05, 0.3],
			"to": [15.15, 5.35, 3.6],
			"rotation": {"angle": 0, "axis": "y", "origin": [-0.8, -1.8, -0.8]},
			"faces": {
				"north": {"uv": [11.75, 2, 15.25, 2.75], "texture": "#2"},
				"east": {"uv": [7.25, 8.75, 8, 9.5], "texture": "#2"},
				"south": {"uv": [11.5, 12.5, 15, 13.25], "texture": "#2"},
				"west": {"uv": [7.25, 9.5, 8, 10.25], "texture": "#2"},
				"up": {"uv": [3.5, 13.75, 0, 13], "texture": "#2"},
				"down": {"uv": [7, 13, 3.5, 13.75], "texture": "#2"}
			}
		},
		{
			"from": [3.05, -1.25, -0.8],
			"to": [12.95, 3.15, 3.6],
			"rotation": {"angle": 0, "axis": "y", "origin": [-0.8, -1.8, -0.8]},
			"faces": {
				"north": {"uv": [13.25, 5.25, 15.75, 6.25], "texture": "#2"},
				"east": {"uv": [13.25, 10.5, 14.25, 11.5], "texture": "#2"},
				"south": {"uv": [13.25, 6.25, 15.75, 7.25], "texture": "#2"},
				"west": {"uv": [11, 13.25, 12, 14.25], "texture": "#2"},
				"up": {"uv": [15.75, 8.25, 13.25, 7.25], "texture": "#2"},
				"down": {"uv": [15.75, 8.25, 13.25, 9.25], "texture": "#2"}
			}
		},
		{
			"from": [10.2, 8.425, 0.2725],
			"to": [13.5, 10.625, 1.3725],
			"rotation": {"angle": 0, "axis": "y", "origin": [-0.8, -1.8, -0.8]},
			"faces": {
				"north": {"uv": [12, 13.25, 12.75, 13.75], "texture": "#2"},
				"east": {"uv": [7, 13.25, 7.25, 13.75], "texture": "#2"},
				"south": {"uv": [13.25, 12, 14, 12.5], "texture": "#2"},
				"west": {"uv": [2, 13.75, 2.25, 14.25], "texture": "#2"},
				"up": {"uv": [1.25, 14, 0.5, 13.75], "texture": "#2"},
				"down": {"uv": [2, 13.75, 1.25, 14], "texture": "#2"}
			}
		},
		{
			"from": [12.4, 7.325, 0.3],
			"to": [14.6, 9.525, 1.4],
			"rotation": {"angle": 0, "axis": "y", "origin": [-0.8, -1.8, -0.8]},
			"faces": {
				"north": {"uv": [13.25, 13.25, 13.75, 13.75], "texture": "#2"},
				"east": {"uv": [2.25, 13.75, 2.5, 14.25], "texture": "#2"},
				"south": {"uv": [0, 13.75, 0.5, 14.25], "texture": "#2"},
				"west": {"uv": [2.5, 13.75, 2.75, 14.25], "texture": "#2"},
				"up": {"uv": [3.25, 14, 2.75, 13.75], "texture": "#2"},
				"down": {"uv": [3.75, 13.75, 3.25, 14], "texture": "#2"}
			}
		}
	],
	"display": {
		"thirdperson_righthand": {
			"translation": [0, -1, 0],
			"scale": [0.41, 0.41, 0.41]
		},
		"thirdperson_lefthand": {
			"translation": [0, -1, 0],
			"scale": [0.41, 0.41, 0.41]
		},
		"firstperson_righthand": {
			"rotation": [0, 130, 0],
			"translation": [1.25, 3, -0.75],
			"scale": [0.4, 0.4, 0.4]
		},
		"firstperson_lefthand": {
			"rotation": [0, 130, 0],
			"translation": [2, 3, -0.75],
			"scale": [0.4, 0.4, 0.4]
		},
		"ground": {
			"scale": [0.5, 0.5, 0.5]
		},
		"gui": {
			"rotation": [35, -135, 0],
			"translation": [1, -1, 0],
			"scale": [0.5, 0.5, 0.5]
		},
		"fixed": {
			"translation": [0, 0, -1],
			"scale": [1, 1, 0.1]
		}
	},
	"groups": [
		{
			"name": "santahat",
			"origin": [8, 8, 8],
			"color": 0,
			"children": [0, 1, 2, 3, 4]
		},
		{
			"name": "group",
			"origin": [8, 8, 8],
			"color": 0,
			"children": [5, 6, 7, 8, 9, 10]
		}
	]
}