{
	"credit": "Made with Blockbench",
	"texture_size": [32, 32],
	"textures": {
		"0": "custom:item/hats/2025_glasses",
		"particle": "custom:item/hats/2025_glasses"
	},
	"elements": [
		{
			"from": [-1, 0, 13],
			"to": [3, 1, 14],
			"rotation": {"angle": 0, "axis": "y", "origin": [2, 0, 13]},
			"faces": {
				"north": {"uv": [4.5, 0, 6.5, 0.5], "texture": "#0"},
				"east": {"uv": [5, 7, 5.5, 7.5], "texture": "#0"},
				"south": {"uv": [4.5, 0.5, 6.5, 1], "texture": "#0"},
				"west": {"uv": [6.5, 7, 7, 7.5], "texture": "#0"},
				"up": {"uv": [6.5, 1.5, 4.5, 1], "texture": "#0"},
				"down": {"uv": [6.5, 1.5, 4.5, 2], "texture": "#0"}
			}
		},
		{
			"from": [-1, 1, 13],
			"to": [0, 2, 14],
			"rotation": {"angle": 0, "axis": "y", "origin": [0, 1, 13]},
			"faces": {
				"north": {"uv": [7, 6.5, 7.5, 7], "texture": "#0"},
				"east": {"uv": [7, 7, 7.5, 7.5], "texture": "#0"},
				"south": {"uv": [0, 7.5, 0.5, 8], "texture": "#0"},
				"west": {"uv": [7.5, 0, 8, 0.5], "texture": "#0"},
				"up": {"uv": [1, 8, 0.5, 7.5], "texture": "#0"},
				"down": {"uv": [8, 0.5, 7.5, 1], "texture": "#0"}
			}
		},
		{
			"from": [0, 2, 13],
			"to": [1, 3, 14],
			"rotation": {"angle": 0, "axis": "y", "origin": [1, 2, 13]},
			"faces": {
				"north": {"uv": [1, 7.5, 1.5, 8], "texture": "#0"},
				"east": {"uv": [7.5, 1, 8, 1.5], "texture": "#0"},
				"south": {"uv": [1.5, 7.5, 2, 8], "texture": "#0"},
				"west": {"uv": [7.5, 1.5, 8, 2], "texture": "#0"},
				"up": {"uv": [2.5, 8, 2, 7.5], "texture": "#0"},
				"down": {"uv": [8, 2, 7.5, 2.5], "texture": "#0"}
			}
		},
		{
			"from": [1, 3, 13],
			"to": [2, 4, 14],
			"rotation": {"angle": 0, "axis": "y", "origin": [2, 3, 13]},
			"faces": {
				"north": {"uv": [2.5, 7.5, 3, 8], "texture": "#0"},
				"east": {"uv": [7.5, 2.5, 8, 3], "texture": "#0"},
				"south": {"uv": [3, 7.5, 3.5, 8], "texture": "#0"},
				"west": {"uv": [7.5, 3, 8, 3.5], "texture": "#0"},
				"up": {"uv": [4, 8, 3.5, 7.5], "texture": "#0"},
				"down": {"uv": [8, 3.5, 7.5, 4], "texture": "#0"}
			}
		},
		{
			"from": [-1, 5, 13],
			"to": [0, 6, 14],
			"rotation": {"angle": 0, "axis": "y", "origin": [0, 5, 13]},
			"faces": {
				"north": {"uv": [5, 7.5, 5.5, 8], "texture": "#0"},
				"east": {"uv": [5.5, 7.5, 6, 8], "texture": "#0"},
				"south": {"uv": [6, 7.5, 6.5, 8], "texture": "#0"},
				"west": {"uv": [6.5, 7.5, 7, 8], "texture": "#0"},
				"up": {"uv": [8, 7, 7.5, 6.5], "texture": "#0"},
				"down": {"uv": [7.5, 7.5, 7, 8], "texture": "#0"}
			}
		},
		{
			"from": [0, 6, 13],
			"to": [2, 7, 14],
			"rotation": {"angle": 0, "axis": "y", "origin": [1, 6, 13]},
			"faces": {
				"north": {"uv": [5.5, 6, 6.5, 6.5], "texture": "#0"},
				"east": {"uv": [4.5, 7.5, 5, 8], "texture": "#0"},
				"south": {"uv": [0, 6.5, 1, 7], "texture": "#0"},
				"west": {"uv": [7.5, 4.5, 8, 5], "texture": "#0"},
				"up": {"uv": [7.5, 0.5, 6.5, 0], "texture": "#0"},
				"down": {"uv": [7.5, 0.5, 6.5, 1], "texture": "#0"}
			}
		},
		{
			"from": [2, 4, 13],
			"to": [3, 6, 14],
			"rotation": {"angle": 0, "axis": "y", "origin": [3, 4, 13]},
			"faces": {
				"north": {"uv": [3, 0, 3.5, 1], "texture": "#0"},
				"east": {"uv": [3.5, 0, 4, 1], "texture": "#0"},
				"south": {"uv": [2.5, 5.5, 3, 6.5], "texture": "#0"},
				"west": {"uv": [5, 6, 5.5, 7], "texture": "#0"},
				"up": {"uv": [4.5, 8, 4, 7.5], "texture": "#0"},
				"down": {"uv": [8, 4, 7.5, 4.5], "texture": "#0"}
			}
		},
		{
			"from": [4, 0, 13],
			"to": [6, 1, 14],
			"rotation": {"angle": 0, "axis": "y", "origin": [4, 0, 13]},
			"faces": {
				"north": {"uv": [1, 6.5, 2, 7], "texture": "#0"},
				"east": {"uv": [7.5, 7, 8, 7.5], "texture": "#0"},
				"south": {"uv": [6.5, 1, 7.5, 1.5], "texture": "#0"},
				"west": {"uv": [7.5, 7.5, 8, 8], "texture": "#0"},
				"up": {"uv": [7.5, 2, 6.5, 1.5], "texture": "#0"},
				"down": {"uv": [3, 6.5, 2, 7], "texture": "#0"}
			}
		},
		{
			"from": [4, 6, 13],
			"to": [6, 7, 14],
			"rotation": {"angle": 0, "axis": "y", "origin": [4, 6, 13]},
			"faces": {
				"north": {"uv": [6.5, 2, 7.5, 2.5], "texture": "#0"},
				"east": {"uv": [1, 8, 1.5, 8.5], "texture": "#0"},
				"south": {"uv": [6.5, 2.5, 7.5, 3], "texture": "#0"},
				"west": {"uv": [8, 1, 8.5, 1.5], "texture": "#0"},
				"up": {"uv": [4, 7, 3, 6.5], "texture": "#0"},
				"down": {"uv": [7.5, 3, 6.5, 3.5], "texture": "#0"}
			}
		},
		{
			"from": [3, 1, 13],
			"to": [4, 6, 14],
			"rotation": {"angle": 0, "axis": "y", "origin": [3, 1, 13]},
			"faces": {
				"north": {"uv": [2, 2, 2.5, 4.5], "texture": "#0"},
				"east": {"uv": [2.5, 2, 3, 4.5], "texture": "#0"},
				"south": {"uv": [3, 2, 3.5, 4.5], "texture": "#0"},
				"west": {"uv": [3.5, 2, 4, 4.5], "texture": "#0"},
				"up": {"uv": [0.5, 8.5, 0, 8], "texture": "#0"},
				"down": {"uv": [8.5, 0, 8, 0.5], "texture": "#0"}
			}
		},
		{
			"from": [6, 1, 13],
			"to": [7, 6, 14],
			"rotation": {"angle": 0, "axis": "y", "origin": [6, 1, 13]},
			"faces": {
				"north": {"uv": [0, 4, 0.5, 6.5], "texture": "#0"},
				"east": {"uv": [4, 0, 4.5, 2.5], "texture": "#0"},
				"south": {"uv": [0.5, 4, 1, 6.5], "texture": "#0"},
				"west": {"uv": [4, 2.5, 4.5, 5], "texture": "#0"},
				"up": {"uv": [1, 8.5, 0.5, 8], "texture": "#0"},
				"down": {"uv": [8.5, 0.5, 8, 1], "texture": "#0"}
			}
		},
		{
			"from": [8, 0, 13],
			"to": [12, 1, 14],
			"rotation": {"angle": 0, "axis": "y", "origin": [11, 0, 13]},
			"faces": {
				"north": {"uv": [2, 4.5, 4, 5], "texture": "#0"},
				"east": {"uv": [1.5, 8, 2, 8.5], "texture": "#0"},
				"south": {"uv": [4.5, 2, 6.5, 2.5], "texture": "#0"},
				"west": {"uv": [8, 1.5, 8.5, 2], "texture": "#0"},
				"up": {"uv": [6.5, 3, 4.5, 2.5], "texture": "#0"},
				"down": {"uv": [6.5, 3, 4.5, 3.5], "texture": "#0"}
			}
		},
		{
			"from": [8, 1, 13],
			"to": [9, 2, 14],
			"rotation": {"angle": 0, "axis": "y", "origin": [9, 1, 13]},
			"faces": {
				"north": {"uv": [2, 8, 2.5, 8.5], "texture": "#0"},
				"east": {"uv": [8, 2, 8.5, 2.5], "texture": "#0"},
				"south": {"uv": [2.5, 8, 3, 8.5], "texture": "#0"},
				"west": {"uv": [8, 2.5, 8.5, 3], "texture": "#0"},
				"up": {"uv": [3.5, 8.5, 3, 8], "texture": "#0"},
				"down": {"uv": [8.5, 3, 8, 3.5], "texture": "#0"}
			}
		},
		{
			"from": [9, 2, 13],
			"to": [10, 3, 14],
			"rotation": {"angle": 0, "axis": "y", "origin": [10, 2, 13]},
			"faces": {
				"north": {"uv": [3.5, 8, 4, 8.5], "texture": "#0"},
				"east": {"uv": [8, 3.5, 8.5, 4], "texture": "#0"},
				"south": {"uv": [4, 8, 4.5, 8.5], "texture": "#0"},
				"west": {"uv": [8, 4, 8.5, 4.5], "texture": "#0"},
				"up": {"uv": [5, 8.5, 4.5, 8], "texture": "#0"},
				"down": {"uv": [8.5, 4.5, 8, 5], "texture": "#0"}
			}
		},
		{
			"from": [10, 3, 13],
			"to": [11, 4, 14],
			"rotation": {"angle": 0, "axis": "y", "origin": [11, 3, 13]},
			"faces": {
				"north": {"uv": [5, 8, 5.5, 8.5], "texture": "#0"},
				"east": {"uv": [8, 5, 8.5, 5.5], "texture": "#0"},
				"south": {"uv": [5.5, 8, 6, 8.5], "texture": "#0"},
				"west": {"uv": [8, 5.5, 8.5, 6], "texture": "#0"},
				"up": {"uv": [6.5, 8.5, 6, 8], "texture": "#0"},
				"down": {"uv": [8.5, 6, 8, 6.5], "texture": "#0"}
			}
		},
		{
			"from": [8, 5, 13],
			"to": [9, 6, 14],
			"rotation": {"angle": 0, "axis": "y", "origin": [9, 5, 13]},
			"faces": {
				"north": {"uv": [6.5, 8, 7, 8.5], "texture": "#0"},
				"east": {"uv": [8, 6.5, 8.5, 7], "texture": "#0"},
				"south": {"uv": [7, 8, 7.5, 8.5], "texture": "#0"},
				"west": {"uv": [8, 7, 8.5, 7.5], "texture": "#0"},
				"up": {"uv": [8, 8.5, 7.5, 8], "texture": "#0"},
				"down": {"uv": [8.5, 7.5, 8, 8], "texture": "#0"}
			}
		},
		{
			"from": [9, 6, 13],
			"to": [11, 7, 14],
			"rotation": {"angle": 0, "axis": "y", "origin": [10, 6, 13]},
			"faces": {
				"north": {"uv": [6.5, 3.5, 7.5, 4], "texture": "#0"},
				"east": {"uv": [8, 8, 8.5, 8.5], "texture": "#0"},
				"south": {"uv": [4, 6.5, 5, 7], "texture": "#0"},
				"west": {"uv": [0, 8.5, 0.5, 9], "texture": "#0"},
				"up": {"uv": [7.5, 4.5, 6.5, 4], "texture": "#0"},
				"down": {"uv": [7.5, 4.5, 6.5, 5], "texture": "#0"}
			}
		},
		{
			"from": [11, 4, 13],
			"to": [12, 6, 14],
			"rotation": {"angle": 0, "axis": "y", "origin": [12, 4, 13]},
			"faces": {
				"north": {"uv": [6.5, 5, 7, 6], "texture": "#0"},
				"east": {"uv": [5.5, 6.5, 6, 7.5], "texture": "#0"},
				"south": {"uv": [6, 6.5, 6.5, 7.5], "texture": "#0"},
				"west": {"uv": [6.5, 6, 7, 7], "texture": "#0"},
				"up": {"uv": [9, 0.5, 8.5, 0], "texture": "#0"},
				"down": {"uv": [1, 8.5, 0.5, 9], "texture": "#0"}
			}
		},
		{
			"from": [13, 0, 13],
			"to": [15, 1, 14],
			"rotation": {"angle": 0, "axis": "y", "origin": [13, 0, 13]},
			"faces": {
				"north": {"uv": [0, 7, 1, 7.5], "texture": "#0"},
				"east": {"uv": [8.5, 0.5, 9, 1], "texture": "#0"},
				"south": {"uv": [1, 7, 2, 7.5], "texture": "#0"},
				"west": {"uv": [1, 8.5, 1.5, 9], "texture": "#0"},
				"up": {"uv": [3, 7.5, 2, 7], "texture": "#0"},
				"down": {"uv": [4, 7, 3, 7.5], "texture": "#0"}
			}
		},
		{
			"from": [12, 4, 13],
			"to": [15, 5, 14],
			"rotation": {"angle": 0, "axis": "y", "origin": [12, 4, 13]},
			"faces": {
				"north": {"uv": [5, 5, 6.5, 5.5], "texture": "#0"},
				"east": {"uv": [8.5, 3, 9, 3.5], "texture": "#0"},
				"south": {"uv": [1, 5.5, 2.5, 6], "texture": "#0"},
				"west": {"uv": [3.5, 8.5, 4, 9], "texture": "#0"},
				"up": {"uv": [6.5, 6, 5, 5.5], "texture": "#0"},
				"down": {"uv": [2.5, 6, 1, 6.5], "texture": "#0"}
			}
		},
		{
			"from": [12, 5, 13],
			"to": [13, 6, 14],
			"rotation": {"angle": 0, "axis": "y", "origin": [12, 5, 13]},
			"faces": {
				"north": {"uv": [8.5, 3.5, 9, 4], "texture": "#0"},
				"east": {"uv": [4, 8.5, 4.5, 9], "texture": "#0"},
				"south": {"uv": [8.5, 4, 9, 4.5], "texture": "#0"},
				"west": {"uv": [4.5, 8.5, 5, 9], "texture": "#0"},
				"up": {"uv": [9, 5, 8.5, 4.5], "texture": "#0"},
				"down": {"uv": [5.5, 8.5, 5, 9], "texture": "#0"}
			}
		},
		{
			"from": [12, 6, 13],
			"to": [16, 7, 14],
			"rotation": {"angle": 0, "axis": "y", "origin": [12, 6, 13]},
			"faces": {
				"north": {"uv": [4.5, 3.5, 6.5, 4], "texture": "#0"},
				"east": {"uv": [8.5, 5, 9, 5.5], "texture": "#0"},
				"south": {"uv": [4.5, 4, 6.5, 4.5], "texture": "#0"},
				"west": {"uv": [5.5, 8.5, 6, 9], "texture": "#0"},
				"up": {"uv": [6.5, 5, 4.5, 4.5], "texture": "#0"},
				"down": {"uv": [3, 5, 1, 5.5], "texture": "#0"}
			}
		},
		{
			"from": [15, 1, 13],
			"to": [16, 4, 14],
			"rotation": {"angle": 0, "axis": "y", "origin": [15, 1, 13]},
			"faces": {
				"north": {"uv": [3, 5, 3.5, 6.5], "texture": "#0"},
				"east": {"uv": [3.5, 5, 4, 6.5], "texture": "#0"},
				"south": {"uv": [4, 5, 4.5, 6.5], "texture": "#0"},
				"west": {"uv": [4.5, 5, 5, 6.5], "texture": "#0"},
				"up": {"uv": [9, 1.5, 8.5, 1], "texture": "#0"},
				"down": {"uv": [2, 8.5, 1.5, 9], "texture": "#0"}
			}
		},
		{
			"from": [12, 1, 13],
			"to": [13, 2, 14],
			"rotation": {"angle": 0, "axis": "y", "origin": [12, 1, 13]},
			"faces": {
				"north": {"uv": [8.5, 1.5, 9, 2], "texture": "#0"},
				"east": {"uv": [2, 8.5, 2.5, 9], "texture": "#0"},
				"south": {"uv": [8.5, 2, 9, 2.5], "texture": "#0"},
				"west": {"uv": [2.5, 8.5, 3, 9], "texture": "#0"},
				"up": {"uv": [9, 3, 8.5, 2.5], "texture": "#0"},
				"down": {"uv": [3.5, 8.5, 3, 9], "texture": "#0"}
			}
		},
		{
			"from": [7, 4, 13],
			"to": [9, 5, 14],
			"rotation": {"angle": 0, "axis": "y", "origin": [7, 4, 13]},
			"faces": {
				"north": {"uv": [4, 7, 5, 7.5], "texture": "#0"},
				"east": {"uv": [8.5, 5.5, 9, 6], "texture": "#0"},
				"south": {"uv": [7, 5, 8, 5.5], "texture": "#0"},
				"west": {"uv": [6, 8.5, 6.5, 9], "texture": "#0"},
				"up": {"uv": [8, 6, 7, 5.5], "texture": "#0"},
				"down": {"uv": [8, 6, 7, 6.5], "texture": "#0"}
			}
		},
		{
			"from": [0, 5, 8],
			"to": [1, 6, 14],
			"rotation": {"angle": 0, "axis": "y", "origin": [0, 5, 8]},
			"faces": {
				"north": {"uv": [8.5, 6, 9, 6.5], "texture": "#0"},
				"east": {"uv": [0, 0, 3, 0.5], "texture": "#0"},
				"south": {"uv": [6.5, 8.5, 7, 9], "texture": "#0"},
				"west": {"uv": [0, 0.5, 3, 1], "texture": "#0"},
				"up": {"uv": [0.5, 4, 0, 1], "texture": "#0"},
				"down": {"uv": [1, 1, 0.5, 4], "texture": "#0"}
			}
		},
		{
			"from": [14, 5, 8],
			"to": [15, 6, 14],
			"rotation": {"angle": 0, "axis": "y", "origin": [14, 5, 8]},
			"faces": {
				"north": {"uv": [8.5, 6.5, 9, 7], "texture": "#0"},
				"east": {"uv": [1, 1, 4, 1.5], "texture": "#0"},
				"south": {"uv": [7, 8.5, 7.5, 9], "texture": "#0"},
				"west": {"uv": [1, 1.5, 4, 2], "texture": "#0"},
				"up": {"uv": [1.5, 5, 1, 2], "texture": "#0"},
				"down": {"uv": [2, 2, 1.5, 5], "texture": "#0"}
			}
		}
	],
	"display": {
		"thirdperson_righthand": {
			"rotation": [17, 180, 24],
			"translation": [0.5, 1, 4.25],
			"scale": [0.65, 0.65, 0.65]
		},
		"ground": {
			"translation": [0, 3.5, 0]
		},
		"gui": {
			"translation": [0.5, 5.25, 0]
		},
		"head": {
			"rotation": [0, 180, 0],
			"translation": [-0.5, 3.25, -2.2],
			"scale": [1, 0.89, 1]
		},
		"fixed": {
			"rotation": [0, 180, 0],
			"translation": [-0.5, 5, 4],
			"scale": [1.1, 1.1, 1.1]
		}
	},
	"groups": [
		{
			"name": "2",
			"origin": [8, 8, 8],
			"color": 0,
			"children": [0, 1, 2, 3, 4, 5, 6]
		},
		{
			"name": "0",
			"origin": [8, 8, 8],
			"color": 0,
			"children": [7, 8, 9, 10]
		},
		{
			"name": "2",
			"origin": [8, 8, 8],
			"color": 0,
			"children": [11, 12, 13, 14, 15, 16, 17]
		},
		{
			"name": "5",
			"origin": [8, 8, 8],
			"color": 0,
			"children": [18, 19, 20, 21, 22, 23]
		},
		{
			"name": "frame",
			"origin": [14, 5, 8],
			"color": 0,
			"children": [24, 25, 26]
		}
	]
}