{
	"credit": "Made with Blockbench",
	"parent": "minecraft:item/carved_pumpkin",
	"texture_size": [80, 80],
	"textures": {
		"0": "custom:item/hats/barry_hat",
		"particle": "custom:item/hats/barry_hat"
	},
	"elements": [
		{
			"from": [3, 13.65, -2],
			"to": [13, 14.65, -1],
			"rotation": {"angle": 22.5, "axis": "x", "origin": [7, 13, -1]},
			"faces": {
				"north": {"uv": [10.8, 2.8, 12.8, 3], "texture": "#0"},
				"east": {"uv": [8.4, 9.8, 8.6, 10], "texture": "#0"},
				"south": {"uv": [10.8, 3, 12.8, 3.2], "texture": "#0"},
				"west": {"uv": [8.6, 9.8, 8.8, 10], "texture": "#0"},
				"up": {"uv": [12.8, 3.4, 10.8, 3.2], "texture": "#0"},
				"down": {"uv": [12.8, 3.4, 10.8, 3.6], "texture": "#0"}
			}
		},
		{
			"from": [1, 13.65, 16],
			"to": [15, 14.65, 17],
			"rotation": {"angle": 0, "axis": "y", "origin": [0, -1, 0]},
			"faces": {
				"north": {"uv": [10.4, 3.6, 13.2, 3.8], "texture": "#0"},
				"east": {"uv": [11.2, 0.4, 11.4, 0.6], "texture": "#0"},
				"south": {"uv": [10.4, 3.8, 13.2, 4], "texture": "#0"},
				"west": {"uv": [11.2, 0.6, 11.4, 0.8], "texture": "#0"},
				"up": {"uv": [13.2, 4.2, 10.4, 4], "texture": "#0"},
				"down": {"uv": [13.2, 4.2, 10.4, 4.4], "texture": "#0"}
			}
		},
		{
			"from": [0, 13.65, 0],
			"to": [16, 14.65, 16],
			"rotation": {"angle": 0, "axis": "y", "origin": [0, -1, 0]},
			"faces": {
				"north": {"uv": [9.6, 7.4, 12.8, 7.6], "texture": "#0"},
				"east": {"uv": [10, 5.6, 13.2, 5.8], "texture": "#0"},
				"south": {"uv": [10, 5.8, 13.2, 6], "texture": "#0"},
				"west": {"uv": [10, 6, 13.2, 6.2], "texture": "#0"},
				"up": {"uv": [3.2, 3.2, 0, 0], "texture": "#0"},
				"down": {"uv": [3.2, 3.2, 0, 6.4], "texture": "#0"}
			}
		},
		{
			"from": [1, 13.65, -1],
			"to": [15, 14.65, 0],
			"rotation": {"angle": 0, "axis": "y", "origin": [0, -1, 0]},
			"faces": {
				"north": {"uv": [10.4, 4.4, 13.2, 4.6], "texture": "#0"},
				"east": {"uv": [11.2, 0.8, 11.4, 1], "texture": "#0"},
				"south": {"uv": [10.4, 4.6, 13.2, 4.8], "texture": "#0"},
				"west": {"uv": [11.2, 1, 11.4, 1.2], "texture": "#0"},
				"up": {"uv": [10.8, 10.6, 8, 10.4], "texture": "#0"},
				"down": {"uv": [13.2, 9.2, 10.4, 9.4], "texture": "#0"}
			}
		},
		{
			"from": [-1.63562, 14.67037, 1],
			"to": [0.36438, 15.67037, 15],
			"rotation": {"angle": -22.5, "axis": "z", "origin": [-2.38268, 15.07612, 9]},
			"faces": {
				"north": {"uv": [8, 7.6, 8.4, 7.8], "texture": "#0"},
				"east": {"uv": [10.4, 9.4, 13.2, 9.6], "texture": "#0"},
				"south": {"uv": [8.4, 7.6, 8.8, 7.8], "texture": "#0"},
				"west": {"uv": [10.4, 9.6, 13.2, 9.8], "texture": "#0"},
				"up": {"uv": [0.4, 11.8, 0, 9], "texture": "#0"},
				"down": {"uv": [0.8, 9, 0.4, 11.8], "texture": "#0"}
			}
		},
		{
			"from": [15.63562, 14.67037, 1],
			"to": [17.63562, 15.67037, 15],
			"rotation": {"angle": 22.5, "axis": "z", "origin": [18.38268, 15.07612, 9]},
			"faces": {
				"north": {"uv": [9.2, 4.8, 9.6, 5], "texture": "#0"},
				"east": {"uv": [10.4, 9.8, 13.2, 10], "texture": "#0"},
				"south": {"uv": [9.2, 5, 9.6, 5.2], "texture": "#0"},
				"west": {"uv": [8, 10.6, 10.8, 10.8], "texture": "#0"},
				"up": {"uv": [1.2, 11.8, 0.8, 9], "texture": "#0"},
				"down": {"uv": [1.6, 9, 1.2, 11.8], "texture": "#0"}
			}
		},
		{
			"from": [3, 13.65, 17],
			"to": [13, 14.65, 18],
			"rotation": {"angle": -22.5, "axis": "x", "origin": [9, 14, 17]},
			"faces": {
				"north": {"uv": [10.8, 10.2, 12.8, 10.4], "texture": "#0"},
				"east": {"uv": [11.2, 1.2, 11.4, 1.4], "texture": "#0"},
				"south": {"uv": [10.8, 10.4, 12.8, 10.6], "texture": "#0"},
				"west": {"uv": [11.2, 1.4, 11.4, 1.6], "texture": "#0"},
				"up": {"uv": [12.8, 10.8, 10.8, 10.6], "texture": "#0"},
				"down": {"uv": [12, 11, 10, 11.2], "texture": "#0"}
			}
		},
		{
			"from": [2.99, 14.54, 2.99],
			"to": [13.01, 28.56, 13.01],
			"rotation": {"angle": 0, "axis": "y", "origin": [0, -1, 0]},
			"faces": {
				"north": {"uv": [3.2, 0, 5.2, 2.6], "texture": "#0"},
				"east": {"uv": [3.2, 2.6, 5.2, 5.2], "texture": "#0"},
				"south": {"uv": [5.2, 0, 7.2, 2.6], "texture": "#0"},
				"west": {"uv": [5.2, 2.6, 7.2, 5.2], "texture": "#0"},
				"up": {"uv": [6.8, 9.8, 4.8, 7.8], "texture": "#0"},
				"down": {"uv": [8.8, 7.8, 6.8, 9.8], "texture": "#0"}
			}
		},
		{
			"from": [4, 14.54681, 12],
			"to": [12, 27.54681, 14],
			"rotation": {"angle": 0, "axis": "y", "origin": [0, -1, 15.5]},
			"faces": {
				"north": {"uv": [0, 6.4, 1.6, 9], "texture": "#0"},
				"east": {"uv": [2.4, 9, 2.8, 11.6], "texture": "#0"},
				"south": {"uv": [1.6, 6.4, 3.2, 9], "texture": "#0"},
				"west": {"uv": [2.8, 9, 3.2, 11.6], "texture": "#0"},
				"up": {"uv": [11.6, 6.6, 10, 6.2], "texture": "#0"},
				"down": {"uv": [11.6, 6.6, 10, 7], "texture": "#0"}
			}
		},
		{
			"from": [4, 14.54681, 2],
			"to": [12, 27.54681, 4],
			"rotation": {"angle": 0, "axis": "y", "origin": [0, -1, 0.5]},
			"faces": {
				"north": {"uv": [3.2, 5.2, 4.8, 7.8], "texture": "#0"},
				"east": {"uv": [1.6, 9, 2, 11.6], "texture": "#0"},
				"south": {"uv": [4.8, 5.2, 6.4, 7.8], "texture": "#0"},
				"west": {"uv": [2, 9, 2.4, 11.6], "texture": "#0"},
				"up": {"uv": [11.6, 5.2, 10, 4.8], "texture": "#0"},
				"down": {"uv": [11.6, 5.2, 10, 5.6], "texture": "#0"}
			}
		},
		{
			"from": [2, 14.525, 4],
			"to": [4, 27.525, 12],
			"rotation": {"angle": 0, "axis": "y", "origin": [0.6, -1, 0]},
			"faces": {
				"north": {"uv": [9.6, 4.8, 10, 7.4], "texture": "#0"},
				"east": {"uv": [6.4, 5.2, 8, 7.8], "texture": "#0"},
				"south": {"uv": [4.8, 9.8, 5.2, 12.4], "texture": "#0"},
				"west": {"uv": [7.2, 0, 8.8, 2.6], "texture": "#0"},
				"up": {"uv": [10.8, 2, 10.4, 0.4], "texture": "#0"},
				"down": {"uv": [10.8, 2, 10.4, 3.6], "texture": "#0"}
			}
		},
		{
			"from": [12, 14.525, 4],
			"to": [14, 27.525, 12],
			"rotation": {"angle": 0, "axis": "y", "origin": [15.4, -1, 0]},
			"faces": {
				"north": {"uv": [5.2, 9.8, 5.6, 12.4], "texture": "#0"},
				"east": {"uv": [7.2, 2.6, 8.8, 5.2], "texture": "#0"},
				"south": {"uv": [5.6, 9.8, 6, 12.4], "texture": "#0"},
				"west": {"uv": [3.2, 7.8, 4.8, 10.4], "texture": "#0"},
				"up": {"uv": [4.4, 12, 4, 10.4], "texture": "#0"},
				"down": {"uv": [4.8, 10.4, 4.4, 12], "texture": "#0"}
			}
		}
	],
	"display": {
		"head": {
			"rotation": [0, 180, 0]
		},
		"fixed": {
			"rotation": [-90, 0, 0],
			"translation": [0, 0, 12.75],
			"scale": [2, 2, 2]
		}
	},
	"groups": [
		{
			"name": "hat",
			"origin": [0, 16, 0],
			"rotation": [2.5, 0, -2.5],
			"color": 0,
			"children": [
				{
					"name": "bottom",
					"origin": [0, 16, 0],
					"color": 0,
					"children": [
						0,
						1,
						2,
						3,
						{
							"name": "bone",
							"origin": [-10, 15, 0],
							"rotation": [0, 0, -20],
							"color": 0,
							"children": [
								4,
								{
									"name": "bone2",
									"origin": [-12, 15, 0],
									"rotation": [0, 0, -20],
									"color": 0,
									"children": []
								}
							]
						},
						{
							"name": "bone",
							"origin": [-10, 15, 0],
							"rotation": [0, 0, -20],
							"color": 0,
							"children": [
								5,
								{
									"name": "bone2",
									"origin": [-12, 15, 0],
									"rotation": [0, 0, -20],
									"color": 0,
									"children": [6]
								}
							]
						}
					]
				},
				{
					"name": "top",
					"origin": [0, 16, 0],
					"color": 0,
					"children": [
						7,
						{
							"name": "back",
							"origin": [0, 7.02181, 0.49952],
							"color": 0,
							"children": [8]
						},
						{
							"name": "back",
							"origin": [0, 7.02181, 0.49952],
							"color": 0,
							"children": [9]
						},
						{
							"name": "side_right",
							"origin": [0.6, -1, 0],
							"color": 0,
							"children": [10]
						},
						{
							"name": "side_right",
							"origin": [0.6, -1, 0],
							"color": 0,
							"children": [11]
						}
					]
				}
			]
		}
	]
}