{
	"credit": "Made with Blockbench",
	"texture_size": [32, 32],
	"textures": {
		"0": "custom:item/hats/clown_mask",
		"particle": "custom:item/hats/clown_mask"
	},
	"elements": [
		{
			"from": [4, 1, 4],
			"to": [12, 9, 5],
			"rotation": {"angle": 0, "axis": "y", "origin": [4, 1, 4]},
			"faces": {
				"north": {"uv": [0, 0, 4, 4], "texture": "#0"},
				"east": {"uv": [4, 2, 4.5, 6], "texture": "#0"},
				"south": {"uv": [0, 4, 4, 8], "texture": "#0"},
				"west": {"uv": [4.5, 2, 5, 6], "texture": "#0"},
				"up": {"uv": [9, 2.5, 5, 2], "texture": "#0"},
				"down": {"uv": [9, 2.5, 5, 3], "texture": "#0"}
			}
		},
		{
			"from": [3.99, 5, 4],
			"to": [3.99, 6, 13],
			"rotation": {"angle": 0, "axis": "y", "origin": [4, 4, 4]},
			"faces": {
				"north": {"uv": [0, 0, 0, 0.5], "texture": "#0"},
				"east": {"uv": [4, 0, 8.5, 0.5], "texture": "#0"},
				"south": {"uv": [0, 0, 0, 0.5], "texture": "#0"},
				"west": {"uv": [4, 0.5, 8.5, 1], "texture": "#0"},
				"up": {"uv": [0, 4.5, 0, 0], "texture": "#0"},
				"down": {"uv": [0, 0, 0, 4.5], "texture": "#0"}
			}
		},
		{
			"from": [12.01, 5, 4],
			"to": [12.01, 6, 13],
			"rotation": {"angle": 0, "axis": "y", "origin": [13, 4, 4]},
			"faces": {
				"north": {"uv": [0, 0, 0, 0.5], "texture": "#0"},
				"east": {"uv": [4, 1, 8.5, 1.5], "texture": "#0"},
				"south": {"uv": [0, 0, 0, 0.5], "texture": "#0"},
				"west": {"uv": [4, 1.5, 8.5, 2], "texture": "#0"},
				"up": {"uv": [0, 4.5, 0, 0], "texture": "#0"},
				"down": {"uv": [0, 0, 0, 4.5], "texture": "#0"}
			}
		},
		{
			"from": [4, 5, 13],
			"to": [12, 6, 13],
			"rotation": {"angle": 0, "axis": "y", "origin": [4, 4, 13]},
			"faces": {
				"north": {"uv": [5, 3, 9, 3.5], "texture": "#0"},
				"east": {"uv": [0, 0, 0, 0.5], "texture": "#0"},
				"south": {"uv": [5, 3.5, 9, 4], "texture": "#0"},
				"west": {"uv": [0, 0, 0, 0.5], "texture": "#0"},
				"up": {"uv": [4, 0, 0, 0], "texture": "#0"},
				"down": {"uv": [4, 0, 0, 0], "texture": "#0"}
			}
		},
		{
			"from": [10.5, 2, 3.2],
			"to": [12.5, 4, 4.7],
			"rotation": {"angle": 0, "axis": "y", "origin": [11, 2, 3]},
			"faces": {
				"north": {"uv": [5, 4, 6, 5], "texture": "#0"},
				"east": {"uv": [5, 5, 6, 6], "texture": "#0"},
				"south": {"uv": [4, 6, 5, 7], "texture": "#0"},
				"west": {"uv": [6, 4, 7, 5], "texture": "#0"},
				"up": {"uv": [6, 7, 5, 6], "texture": "#0"},
				"down": {"uv": [7, 5, 6, 6], "texture": "#0"}
			}
		},
		{
			"from": [3.5, 2, 3.2],
			"to": [5.5, 4, 4.7],
			"rotation": {"angle": 0, "axis": "y", "origin": [3, 2, 3]},
			"faces": {
				"north": {"uv": [6, 6, 7, 7], "texture": "#0"},
				"east": {"uv": [4, 7, 5, 8], "texture": "#0"},
				"south": {"uv": [7, 4, 8, 5], "texture": "#0"},
				"west": {"uv": [5, 7, 6, 8], "texture": "#0"},
				"up": {"uv": [8, 6, 7, 5], "texture": "#0"},
				"down": {"uv": [7, 7, 6, 8], "texture": "#0"}
			}
		},
		{
			"from": [6, 0.7, 4],
			"to": [10, 1.7, 5],
			"rotation": {"angle": 0, "axis": "y", "origin": [6, 1, 4]},
			"faces": {
				"north": {"uv": [7, 6, 9, 6.5], "texture": "#0"},
				"east": {"uv": [0, 8, 0.5, 8.5], "texture": "#0"},
				"south": {"uv": [7, 6.5, 9, 7], "texture": "#0"},
				"west": {"uv": [0.5, 8, 1, 8.5], "texture": "#0"},
				"up": {"uv": [9, 7.5, 7, 7], "texture": "#0"},
				"down": {"uv": [9, 7.5, 7, 8], "texture": "#0"}
			}
		},
		{
			"from": [11, 6, 3.9],
			"to": [12.2, 9.2, 5.1],
			"rotation": {"angle": 0, "axis": "y", "origin": [11, 6, 4]},
			"faces": {
				"north": {"uv": [5.5, 10.5, 6.1, 12.1], "texture": "#0"},
				"east": {"uv": [5.5, 10.5, 6.1, 12.1], "texture": "#0"},
				"south": {"uv": [5.5, 10.5, 6.1, 12.1], "texture": "#0"},
				"west": {"uv": [5.5, 10.4, 6.1, 12], "texture": "#0"},
				"up": {"uv": [5.5, 10.5, 6.1, 11.1], "texture": "#0"},
				"down": {"uv": [5.5, 10.5, 6.1, 11.1], "texture": "#0"}
			}
		},
		{
			"from": [3.9, 6, 3.9],
			"to": [5.1, 9.2, 5.1],
			"rotation": {"angle": 0, "axis": "y", "origin": [4, 6, 4]},
			"faces": {
				"north": {"uv": [5.5, 10.4, 6.1, 12], "texture": "#0"},
				"east": {"uv": [5.5, 10.5, 6.1, 12.1], "texture": "#0"},
				"south": {"uv": [5.5, 10.5, 6.1, 12.1], "texture": "#0"},
				"west": {"uv": [5.5, 10.5, 6.1, 12.1], "texture": "#0"},
				"up": {"uv": [5.5, 10.5, 6.1, 11.1], "texture": "#0"},
				"down": {"uv": [5.5, 10.5, 6.1, 11.1], "texture": "#0"}
			}
		},
		{
			"from": [4.6, 8, 3.8],
			"to": [7.1, 9.3, 5.2],
			"rotation": {"angle": 0, "axis": "y", "origin": [5, 8, 4]},
			"faces": {
				"north": {"uv": [5.5, 10.5, 6.75, 11.15], "texture": "#0"},
				"east": {"uv": [5.5, 10.5, 6.2, 11.15], "texture": "#0"},
				"south": {"uv": [5.5, 10.5, 6.75, 11.15], "texture": "#0"},
				"west": {"uv": [6.5, 10.5, 7.2, 11.15], "texture": "#0"},
				"up": {"uv": [6.5, 10.5, 7.75, 11.2], "texture": "#0"},
				"down": {"uv": [6.5, 10.5, 7.75, 11.2], "texture": "#0"}
			}
		},
		{
			"from": [8.8, 8, 3.8],
			"to": [11.3, 9.3, 5.2],
			"rotation": {"angle": 0, "axis": "y", "origin": [9, 8, 4]},
			"faces": {
				"north": {"uv": [5.5, 10.5, 6.75, 11.15], "texture": "#0"},
				"east": {"uv": [5.5, 10.5, 6.2, 11.15], "texture": "#0"},
				"south": {"uv": [5.5, 10.5, 6.75, 11.15], "texture": "#0"},
				"west": {"uv": [5.5, 10.5, 6.2, 11.15], "texture": "#0"},
				"up": {"uv": [5.5, 10.5, 6.75, 11.2], "texture": "#0"},
				"down": {"uv": [5.5, 10.5, 6.75, 11.2], "texture": "#0"}
			}
		}
	],
	"gui_light": "front",
	"display": {
		"thirdperson_righthand": {
			"rotation": [63, 0, 0],
			"translation": [0, -1.5, 3]
		},
		"thirdperson_lefthand": {
			"rotation": [63, 0, 0],
			"translation": [0, -1.5, 3]
		},
		"firstperson_righthand": {
			"rotation": [0, 143, 7],
			"translation": [4.75, 5.25, -6]
		},
		"firstperson_lefthand": {
			"rotation": [0, 143, 7],
			"translation": [4.75, 5.25, -6]
		},
		"ground": {
			"translation": [0, 3.25, 0]
		},
		"gui": {
			"rotation": [0, 180, 0],
			"translation": [0, 4, 0],
			"scale": [1.5, 1.5, 1]
		},
		"head": {
			"translation": [0, 5.25, -1.5],
			"scale": [2, 2, 1.9]
		},
		"fixed": {
			"translation": [0, 6.25, 3.25],
			"scale": [2, 2, 1]
		}
	}
}