{
	"credit": "Made with Blockbench",
	"texture_size": [32, 32],
	"textures": {
		"0": "custom:item/hats/jester_hat",
		"particle": "custom:item/hats/jester_hat"
	},
	"elements": [
		{
			"from": [15.5, 6, 7],
			"to": [17.5, 8, 9],
			"rotation": {"angle": 0, "axis": "y", "origin": [16.5, 7, 8]},
			"faces": {
				"north": {"uv": [0, 0, 1, 1], "texture": "#0"},
				"east": {"uv": [0, 0, 1, 1], "texture": "#0"},
				"south": {"uv": [0, 0, 1, 1], "texture": "#0"},
				"west": {"uv": [0, 0, 1, 1], "texture": "#0"},
				"up": {"uv": [2, 1, 1, 0], "texture": "#0"},
				"down": {"uv": [1, 1, 0, 2], "texture": "#0"}
			}
		},
		{
			"from": [-1.5, 6, 7],
			"to": [0.5, 8, 9],
			"rotation": {"angle": -22.5, "axis": "x", "origin": [-0.5, 7, 8]},
			"faces": {
				"north": {"uv": [0, 0, 1, 1], "texture": "#0"},
				"east": {"uv": [0, 0, 1, 1], "texture": "#0"},
				"south": {"uv": [0, 0, 1, 1], "texture": "#0"},
				"west": {"uv": [0, 0, 1, 1], "texture": "#0"},
				"up": {"uv": [2, 1, 1, 0], "texture": "#0"},
				"down": {"uv": [1, 1, 0, 2], "texture": "#0"}
			}
		},
		{
			"from": [7, 6, 15.5],
			"to": [9, 8, 17.5],
			"rotation": {"angle": -22.5, "axis": "x", "origin": [8, 7, 16.5]},
			"faces": {
				"north": {"uv": [0, 0, 1, 1], "texture": "#0"},
				"east": {"uv": [0, 0, 1, 1], "texture": "#0"},
				"south": {"uv": [0, 0, 1, 1], "texture": "#0"},
				"west": {"uv": [0, 0, 1, 1], "texture": "#0"},
				"up": {"uv": [2, 1, 1, 0], "texture": "#0"},
				"down": {"uv": [1, 1, 0, 2], "texture": "#0"}
			}
		},
		{
			"from": [7, 6, -1.5],
			"to": [9, 8, 0.5],
			"rotation": {"angle": -22.5, "axis": "z", "origin": [8, 7, -0.5]},
			"faces": {
				"north": {"uv": [0, 0, 1, 1], "texture": "#0"},
				"east": {"uv": [0, 0, 1, 1], "texture": "#0"},
				"south": {"uv": [0, 0, 1, 1], "texture": "#0"},
				"west": {"uv": [0, 0, 1, 1], "texture": "#0"},
				"up": {"uv": [2, 1, 1, 0], "texture": "#0"},
				"down": {"uv": [1, 1, 0, 2], "texture": "#0"}
			}
		},
		{
			"from": [-1, 7, 8],
			"to": [9, 17, 8],
			"rotation": {"angle": 22.5, "axis": "z", "origin": [8, 6, 8]},
			"faces": {
				"north": {"uv": [7, 0, 2, 5], "texture": "#0"},
				"east": {"uv": [0, 11, 0, 16], "texture": "#0"},
				"south": {"uv": [2, 0, 7, 5], "texture": "#0"},
				"west": {"uv": [0, 11, 0, 16], "texture": "#0"},
				"up": {"uv": [5, 16, 0, 16], "texture": "#0"},
				"down": {"uv": [5, 16, 0, 16], "texture": "#0"}
			}
		},
		{
			"from": [7, 7, 8],
			"to": [17, 17, 8],
			"rotation": {"angle": -22.5, "axis": "z", "origin": [8, 6, 8]},
			"faces": {
				"north": {"uv": [12, 0, 7, 5], "texture": "#0"},
				"east": {"uv": [0, 11, 0, 16], "texture": "#0"},
				"south": {"uv": [7, 0, 12, 5], "texture": "#0"},
				"west": {"uv": [0, 11, 0, 16], "texture": "#0"},
				"up": {"uv": [5, 16, 0, 16], "texture": "#0"},
				"down": {"uv": [5, 16, 0, 16], "texture": "#0"}
			}
		},
		{
			"from": [8, 7, 7],
			"to": [8, 17, 17],
			"rotation": {"angle": 22.5, "axis": "x", "origin": [8, 6, 8]},
			"faces": {
				"north": {"uv": [0, 11, 0, 16], "texture": "#0"},
				"east": {"uv": [12, 5, 7, 10], "texture": "#0"},
				"south": {"uv": [0, 11, 0, 16], "texture": "#0"},
				"west": {"uv": [7, 5, 12, 10], "texture": "#0"},
				"up": {"uv": [0, 16, 0, 11], "texture": "#0"},
				"down": {"uv": [0, 11, 0, 16], "texture": "#0"}
			}
		},
		{
			"from": [8, 7, -1],
			"to": [8, 17, 9],
			"rotation": {"angle": -22.5, "axis": "x", "origin": [8, 6, 8]},
			"faces": {
				"north": {"uv": [0, 11, 0, 16], "texture": "#0"},
				"east": {"uv": [7, 5, 2, 10], "texture": "#0"},
				"south": {"uv": [17.5, 7.5, 17.5, 12.5], "texture": "#0"},
				"west": {"uv": [2, 5, 7, 10], "texture": "#0"},
				"up": {"uv": [0, 16, 0, 11], "texture": "#0"},
				"down": {"uv": [0, 11, 0, 16], "texture": "#0"}
			}
		},
		{
			"from": [3.5, 4, 3.5],
			"to": [12.5, 7, 12.5],
			"rotation": {"angle": 22.5, "axis": "y", "origin": [8, 5, 8]},
			"faces": {
				"north": {"uv": [9, 11, 13.5, 12.5], "texture": "#0"},
				"east": {"uv": [9, 12.5, 13.5, 14], "texture": "#0"},
				"south": {"uv": [9, 11, 13.5, 12.5], "texture": "#0"},
				"west": {"uv": [9, 12.5, 13.5, 14], "texture": "#0"},
				"up": {"uv": [4.5, 11, 9, 15.5], "texture": "#0"},
				"down": {"uv": [0, 11, 4.5, 15.5], "texture": "#0"}
			}
		}
	],
	"gui_light": "front",
	"display": {
		"thirdperson_righthand": {
			"rotation": [-21.59, -26.79, 13.62],
			"translation": [0, 1.5, 0],
			"scale": [0.6, 0.6, 0.6]
		},
		"thirdperson_lefthand": {
			"rotation": [-21.59, -26.79, 13.62],
			"translation": [0, 1.5, 0],
			"scale": [0.6, 0.6, 0.6]
		},
		"firstperson_righthand": {
			"translation": [0, -0.25, 0],
			"scale": [0.8, 0.8, 0.8]
		},
		"firstperson_lefthand": {
			"translation": [0, -0.25, 0],
			"scale": [0.8, 0.8, 0.8]
		},
		"ground": {
			"translation": [0, 0.5, 0]
		},
		"gui": {
			"rotation": [11, 154, 0]
		},
		"head": {
			"rotation": [0, -21, 0],
			"translation": [0, 9.25, 0],
			"scale": [1.8, 1.8, 1.8]
		},
		"fixed": {
			"rotation": [-90, 0, 0],
			"translation": [0, 0, -5],
			"scale": [1.6, 1.6, 1.6]
		}
	},
	"groups": [
		{
			"name": "group",
			"origin": [8, 5, 8],
			"color": 0,
			"children": [0, 1, 2, 3, 4, 5, 6, 7]
		},
		8
	]
}