{
	"credit": "Made with Blockbench",
	"texture_size": [64, 64],
	"textures": {
		"0": "custom:item/hats/owl_construction_hat",
		"particle": "custom:item/hats/owl_construction_hat"
	},
	"elements": [
		{
			"from": [2, 0, 2],
			"to": [13, 1, 16],
			"rotation": {"angle": 0, "axis": "y", "origin": [2, 0, 2]},
			"faces": {
				"north": {"uv": [5.25, 6, 8, 6.25], "texture": "#0"},
				"east": {"uv": [5.5, 3, 9, 3.25], "texture": "#0"},
				"south": {"uv": [5.25, 6.25, 8, 6.5], "texture": "#0"},
				"west": {"uv": [5.5, 3.25, 9, 3.5], "texture": "#0"},
				"up": {"uv": [2.75, 3.5, 0, 0], "texture": "#0"},
				"down": {"uv": [5.5, 0, 2.75, 3.5], "texture": "#0"}
			}
		},
		{
			"from": [3, 1, 5],
			"to": [12, 5, 15],
			"rotation": {"angle": 0, "axis": "y", "origin": [3, 1, 5]},
			"faces": {
				"north": {"uv": [5.5, 2, 7.75, 3], "texture": "#0"},
				"east": {"uv": [5.5, 0, 8, 1], "texture": "#0"},
				"south": {"uv": [1.5, 6, 3.75, 7], "texture": "#0"},
				"west": {"uv": [5.5, 1, 8, 2], "texture": "#0"},
				"up": {"uv": [2.25, 6, 0, 3.5], "texture": "#0"},
				"down": {"uv": [4.5, 3.5, 2.25, 6], "texture": "#0"}
			}
		},
		{
			"from": [6, 1, 4],
			"to": [9, 6, 16],
			"rotation": {"angle": 0, "axis": "y", "origin": [6, 1, 4]},
			"faces": {
				"north": {"uv": [3.75, 6, 4.5, 7.25], "texture": "#0"},
				"east": {"uv": [4.5, 3.5, 7.5, 4.75], "texture": "#0"},
				"south": {"uv": [4.5, 6, 5.25, 7.25], "texture": "#0"},
				"west": {"uv": [4.5, 4.75, 7.5, 6], "texture": "#0"},
				"up": {"uv": [0.75, 9, 0, 6], "texture": "#0"},
				"down": {"uv": [1.5, 6, 0.75, 9], "texture": "#0"}
			}
		},
		{
			"from": [2.6, 0.3, 9.5],
			"to": [3.6, 2.3, 10.5],
			"rotation": {"angle": 0, "axis": "y", "origin": [0, 0, 9]},
			"faces": {
				"north": {"uv": [2, 8, 2.25, 8.5], "texture": "#0"},
				"east": {"uv": [3.5, 8, 3.75, 8.5], "texture": "#0"},
				"south": {"uv": [3.25, 7.25, 3.5, 7.75], "texture": "#0"},
				"west": {"uv": [2.5, 7.25, 2.75, 7.75], "texture": "#0"},
				"up": {"uv": [2.75, 8.25, 3, 8.5], "texture": "#0"},
				"down": {"uv": [2, 7.75, 2.25, 8], "texture": "#0"}
			}
		}
	],
	"display": {
		"head": {
			"rotation": [4.5, 1.5, 0.5],
			"translation": [0.75, 13, -2.72],
			"scale": [1.7, 1.5, 1.6]
		}
	}
}