{
	"credit": "Made with Blockbench",
	"textures": {
		"0": "custom:item/hats/prop_hat",
		"1": "custom:item/hats/pinwheel",
		"particle": "custom:item/hats/prop_hat"
	},
	"elements": [
		{
			"from": [4, 0, 5],
			"to": [12, 4, 13],
			"rotation": {"angle": 0, "axis": "y", "origin": [4, 0, 5]},
			"faces": {
				"north": {"uv": [4, 0, 8, 2], "texture": "#0"},
				"east": {"uv": [4, 2, 8, 4], "texture": "#0"},
				"south": {"uv": [4, 4, 8, 6], "texture": "#0"},
				"west": {"uv": [4, 6, 8, 8], "texture": "#0"},
				"up": {"uv": [4, 4, 0, 0], "texture": "#0"},
				"down": {"uv": [4, 4, 0, 8], "texture": "#0"}
			}
		},
		{
			"from": [4, 1, 1],
			"to": [12, 1, 5],
			"rotation": {"angle": 0, "axis": "y", "origin": [4, 1, 1]},
			"faces": {
				"north": {"uv": [0, 0, 4, 0], "texture": "#0"},
				"east": {"uv": [0, 0, 2, 0], "texture": "#0"},
				"south": {"uv": [0, 0, 4, 0], "texture": "#0"},
				"west": {"uv": [0, 0, 2, 0], "texture": "#0"},
				"up": {"uv": [4, 10, 0, 8], "texture": "#0"},
				"down": {"uv": [12, 0, 8, 2], "texture": "#0"}
			}
		},
		{
			"from": [4, 0, 2],
			"to": [4, 1, 5],
			"rotation": {"angle": 0, "axis": "y", "origin": [4, 0, 2]},
			"faces": {
				"north": {"uv": [0, 0, 0, 0.5], "texture": "#0"},
				"east": {"uv": [8, 3, 9.5, 3.5], "texture": "#0"},
				"south": {"uv": [0, 0, 0, 0.5], "texture": "#0"},
				"west": {"uv": [8, 3.5, 9.5, 4], "texture": "#0"},
				"up": {"uv": [0, 1.5, 0, 0], "texture": "#0"},
				"down": {"uv": [0, 0, 0, 1.5], "texture": "#0"}
			}
		},
		{
			"from": [12, 0, 2],
			"to": [12, 1, 5],
			"rotation": {"angle": 0, "axis": "y", "origin": [12, 0, 2]},
			"faces": {
				"north": {"uv": [0, 0, 0, 0.5], "texture": "#0"},
				"east": {"uv": [8, 2, 9.5, 2.5], "texture": "#0"},
				"south": {"uv": [0, 0, 0, 0.5], "texture": "#0"},
				"west": {"uv": [8, 2.5, 9.5, 3], "texture": "#0"},
				"up": {"uv": [0, 1.5, 0, 0], "texture": "#0"},
				"down": {"uv": [0, 0, 0, 1.5], "texture": "#0"}
			}
		},
		{
			"from": [7.5, 3, 8.5],
			"to": [8.5, 4.8, 9.5],
			"rotation": {"angle": 0, "axis": "y", "origin": [7, 4, 0]},
			"faces": {
				"north": {"uv": [9.5, 5.5, 9.75, 6.4], "texture": "#0"},
				"east": {"uv": [9, 5.5, 9.25, 6.4], "texture": "#0"},
				"south": {"uv": [8.5, 5.5, 8.75, 6.4], "texture": "#0"},
				"west": {"uv": [8, 5.5, 8.25, 6.4], "texture": "#0"},
				"up": {"uv": [8.5, 5, 8.75, 5.25], "texture": "#0"},
				"down": {"uv": [8, 5, 8.25, 5.25], "texture": "#0"}
			}
		},
		{
			"from": [4, 4.6, 5],
			"to": [12, 4.6, 13],
			"rotation": {"angle": 0, "axis": "y", "origin": [5, 5, 7]},
			"faces": {
				"up": {"uv": [0, 0, 16, 16], "texture": "#1"},
				"down": {"uv": [0, 0, 16, 16], "texture": "#1"}
			}
		}
	],
	"gui_light": "front",
	"display": {
		"thirdperson_righthand": {
			"rotation": [-39, 0, 0],
			"translation": [0, 4, -4]
		},
		"thirdperson_lefthand": {
			"rotation": [-39, 0, 0],
			"translation": [0, 4, -4]
		},
		"firstperson_righthand": {
			"rotation": [22, 133, -14],
			"translation": [1.5, 9, -2]
		},
		"firstperson_lefthand": {
			"rotation": [22, 133, -14],
			"translation": [1.5, 9, -2]
		},
		"ground": {
			"translation": [0, 5.5, 0]
		},
		"gui": {
			"rotation": [28, 155, 0],
			"translation": [0, 5.75, 0],
			"scale": [1.3, 1.3, 1.3]
		},
		"head": {
			"rotation": [6, -1.5, -3.5],
			"translation": [1, 16.5, -0.5],
			"scale": [1.92, 1.92, 1.92]
		},
		"fixed": {
			"rotation": [-90, 13.5, 0],
			"translation": [0, 0, -15],
			"scale": [2, 2, 2]
		}
	}
}