{
	"textures": {
		"1": "custom:item/hats/red_santa_hat"
	},
	"elements": [
		{
			"from": [2, 0, 2],
			"to": [14, 1, 3],
			"faces": {
				"north": {"uv": [3.5, 0.25, 6.5, 0.5], "texture": "#1"},
				"east": {"uv": [3.25, 0.25, 3.5, 0.5], "texture": "#1"},
				"south": {"uv": [6.75, 0.25, 9.75, 0.5], "texture": "#1"},
				"west": {"uv": [6.5, 0.25, 6.75, 0.5], "texture": "#1"},
				"up": {"uv": [6.5, 0.25, 3.5, 0], "texture": "#1"},
				"down": {"uv": [9.5, 0, 6.5, 0.25], "texture": "#1"}
			}
		},
		{
			"from": [2, 0, 3],
			"to": [3, 1, 14],
			"faces": {
				"north": {"uv": [2.75, 5.75, 3, 6], "texture": "#1"},
				"east": {"uv": [0, 5.75, 2.75, 6], "texture": "#1"},
				"south": {"uv": [5.75, 5.75, 6, 6], "texture": "#1"},
				"west": {"uv": [3, 5.75, 5.75, 6], "texture": "#1"},
				"up": {"uv": [3, 5.75, 2.75, 3], "texture": "#1"},
				"down": {"uv": [3.25, 3, 3, 5.75], "texture": "#1"}
			}
		},
		{
			"from": [3, 0, 13],
			"to": [13, 1, 14],
			"faces": {
				"north": {"uv": [6.75, 2.75, 9.25, 3], "texture": "#1"},
				"east": {"uv": [6.5, 2.75, 6.75, 3], "texture": "#1"},
				"south": {"uv": [9.5, 2.75, 12, 3], "texture": "#1"},
				"west": {"uv": [9.25, 2.75, 9.5, 3], "texture": "#1"},
				"up": {"uv": [9.25, 2.75, 6.75, 2.5], "texture": "#1"},
				"down": {"uv": [11.75, 2.5, 9.25, 2.75], "texture": "#1"}
			}
		},
		{
			"from": [13, 0, 3],
			"to": [14, 1, 14],
			"faces": {
				"north": {"uv": [2.75, 2.75, 3, 3], "texture": "#1"},
				"east": {"uv": [0, 2.75, 2.75, 3], "texture": "#1"},
				"south": {"uv": [5.75, 2.75, 6, 3], "texture": "#1"},
				"west": {"uv": [3, 2.75, 5.75, 3], "texture": "#1"},
				"up": {"uv": [3, 2.75, 2.75, 0], "texture": "#1"},
				"down": {"uv": [3.25, 0, 3, 2.75], "texture": "#1"}
			}
		},
		{
			"from": [3, 1, 3],
			"to": [13, 4, 4],
			"faces": {
				"north": {"uv": [6.75, 0.75, 9.25, 1.5], "texture": "#1"},
				"east": {"uv": [6.5, 0.75, 6.75, 1.5], "texture": "#1"},
				"south": {"uv": [9.5, 0.75, 12, 1.5], "texture": "#1"},
				"west": {"uv": [9.25, 0.75, 9.5, 1.5], "texture": "#1"},
				"up": {"uv": [9.25, 0.75, 6.75, 0.5], "texture": "#1"},
				"down": {"uv": [11.75, 0.5, 9.25, 0.75], "texture": "#1"}
			}
		},
		{
			"from": [3, 1, 4],
			"to": [4, 4, 13],
			"faces": {
				"north": {"uv": [6, 3, 6.25, 3.75], "texture": "#1"},
				"east": {"uv": [3.75, 3, 6, 3.75], "texture": "#1"},
				"south": {"uv": [8.5, 3, 8.75, 3.75], "texture": "#1"},
				"west": {"uv": [6.25, 3, 8.5, 3.75], "texture": "#1"},
				"up": {"uv": [6.25, 3, 6, 0.75], "texture": "#1"},
				"down": {"uv": [6.5, 0.75, 6.25, 3], "texture": "#1"}
			}
		},
		{
			"from": [4, 1, 12],
			"to": [13, 4, 13],
			"faces": {
				"north": {"uv": [6.75, 1.75, 9, 2.5], "texture": "#1"},
				"east": {"uv": [6.5, 1.75, 6.75, 2.5], "texture": "#1"},
				"south": {"uv": [9.25, 1.75, 11.5, 2.5], "texture": "#1"},
				"west": {"uv": [9, 1.75, 9.25, 2.5], "texture": "#1"},
				"up": {"uv": [9, 1.75, 6.75, 1.5], "texture": "#1"},
				"down": {"uv": [11.25, 1.5, 9, 1.75], "texture": "#1"}
			}
		},
		{
			"from": [12, 1, 4],
			"to": [13, 4, 12],
			"faces": {
				"north": {"uv": [6, 6, 6.25, 6.75], "texture": "#1"},
				"east": {"uv": [4, 6, 6, 6.75], "texture": "#1"},
				"south": {"uv": [8.25, 6, 8.5, 6.75], "texture": "#1"},
				"west": {"uv": [6.25, 6, 8.25, 6.75], "texture": "#1"},
				"up": {"uv": [6.25, 6, 6, 4], "texture": "#1"},
				"down": {"uv": [6.5, 4, 6.25, 6], "texture": "#1"}
			}
		},
		{
			"from": [4, 4, 11],
			"to": [12, 6, 12],
			"rotation": {"angle": 0, "axis": "z", "origin": [9, 2, 0]},
			"faces": {
				"north": {"uv": [6.75, 4.75, 8.75, 5.25], "texture": "#1"},
				"east": {"uv": [6.5, 4.75, 6.75, 5.25], "texture": "#1"},
				"south": {"uv": [9, 4.75, 11, 5.25], "texture": "#1"},
				"west": {"uv": [8.75, 4.75, 9, 5.25], "texture": "#1"},
				"up": {"uv": [8.75, 4.75, 6.75, 4.5], "texture": "#1"},
				"down": {"uv": [10.75, 4.5, 8.75, 4.75], "texture": "#1"}
			}
		},
		{
			"from": [4, 4, 4],
			"to": [12, 6, 5],
			"rotation": {"angle": 0, "axis": "z", "origin": [9, 2, 0]},
			"faces": {
				"north": {"uv": [6.75, 4, 8.75, 4.5], "texture": "#1"},
				"east": {"uv": [6.5, 4, 6.75, 4.5], "texture": "#1"},
				"south": {"uv": [9, 4, 11, 4.5], "texture": "#1"},
				"west": {"uv": [8.75, 4, 9, 4.5], "texture": "#1"},
				"up": {"uv": [8.75, 4, 6.75, 3.75], "texture": "#1"},
				"down": {"uv": [10.75, 3.75, 8.75, 4], "texture": "#1"}
			}
		},
		{
			"from": [4, 4, 5],
			"to": [5, 6, 11],
			"rotation": {"angle": 0, "axis": "z", "origin": [9, 2, 0]},
			"faces": {
				"north": {"uv": [3.5, 8, 3.75, 8.5], "texture": "#1"},
				"east": {"uv": [2, 8, 3.5, 8.5], "texture": "#1"},
				"south": {"uv": [5.25, 8, 5.5, 8.5], "texture": "#1"},
				"west": {"uv": [3.75, 8, 5.25, 8.5], "texture": "#1"},
				"up": {"uv": [3.75, 8, 3.5, 6.5], "texture": "#1"},
				"down": {"uv": [4, 6.5, 3.75, 8], "texture": "#1"}
			}
		},
		{
			"from": [11, 4, 5],
			"to": [12, 6, 11],
			"rotation": {"angle": 0, "axis": "z", "origin": [9, 2, 0]},
			"faces": {
				"north": {"uv": [1.5, 7.5, 1.75, 8], "texture": "#1"},
				"east": {"uv": [0, 7.5, 1.5, 8], "texture": "#1"},
				"south": {"uv": [3.25, 7.5, 3.5, 8], "texture": "#1"},
				"west": {"uv": [1.75, 7.5, 3.25, 8], "texture": "#1"},
				"up": {"uv": [1.75, 7.5, 1.5, 6], "texture": "#1"},
				"down": {"uv": [2, 6, 1.75, 7.5], "texture": "#1"}
			}
		},
		{
			"from": [5.5, 5.25, 5],
			"to": [11.5, 9.25, 6],
			"rotation": {"angle": 22.5, "axis": "z", "origin": [9.75, 5, 0]},
			"faces": {
				"north": {"uv": [7.75, 7, 9.25, 8], "texture": "#1"},
				"east": {"uv": [7.5, 7, 7.75, 8], "texture": "#1"},
				"south": {"uv": [9.5, 7, 11, 8], "texture": "#1"},
				"west": {"uv": [9.25, 7, 9.5, 8], "texture": "#1"},
				"up": {"uv": [9.25, 7, 7.75, 6.75], "texture": "#1"},
				"down": {"uv": [10.75, 6.75, 9.25, 7], "texture": "#1"}
			}
		},
		{
			"from": [5.5, 5.25, 10],
			"to": [11.5, 9.25, 11],
			"rotation": {"angle": 22.5, "axis": "z", "origin": [9.75, 5, 0]},
			"faces": {
				"north": {"uv": [4.25, 7, 5.75, 8], "texture": "#1"},
				"east": {"uv": [4, 7, 4.25, 8], "texture": "#1"},
				"south": {"uv": [6, 7, 7.5, 8], "texture": "#1"},
				"west": {"uv": [5.75, 7, 6, 8], "texture": "#1"},
				"up": {"uv": [5.75, 7, 4.25, 6.75], "texture": "#1"},
				"down": {"uv": [7.25, 6.75, 5.75, 7], "texture": "#1"}
			}
		},
		{
			"from": [5.5, 5.25, 6],
			"to": [6.5, 9.25, 10],
			"rotation": {"angle": 22.5, "axis": "z", "origin": [9.75, 5, 0]},
			"faces": {
				"north": {"uv": [1, 4, 1.25, 5], "texture": "#1"},
				"east": {"uv": [0, 4, 1, 5], "texture": "#1"},
				"south": {"uv": [2.25, 4, 2.5, 5], "texture": "#1"},
				"west": {"uv": [1.25, 4, 2.25, 5], "texture": "#1"},
				"up": {"uv": [1.25, 4, 1, 3], "texture": "#1"},
				"down": {"uv": [1.5, 3, 1.25, 4], "texture": "#1"}
			}
		},
		{
			"from": [10.5, 5.25, 6],
			"to": [11.5, 9.25, 10],
			"rotation": {"angle": 22.5, "axis": "z", "origin": [9.75, 5, 0]},
			"faces": {
				"north": {"uv": [1, 1, 1.25, 2], "texture": "#1"},
				"east": {"uv": [0, 1, 1, 2], "texture": "#1"},
				"south": {"uv": [2.25, 1, 2.5, 2], "texture": "#1"},
				"west": {"uv": [1.25, 1, 2.25, 2], "texture": "#1"},
				"up": {"uv": [1.25, 1, 1, 0], "texture": "#1"},
				"down": {"uv": [1.5, 0, 1.25, 1], "texture": "#1"}
			}
		},
		{
			"from": [6.75, 10, 6],
			"to": [10.75, 12, 7],
			"rotation": {"angle": 45, "axis": "z", "origin": [10.75, 7.75, 0]},
			"faces": {
				"north": {"uv": [3.5, 0.75, 4.5, 1.25], "texture": "#1"},
				"east": {"uv": [3.25, 0.75, 3.5, 1.25], "texture": "#1"},
				"south": {"uv": [4.75, 0.75, 5.75, 1.25], "texture": "#1"},
				"west": {"uv": [4.5, 0.75, 4.75, 1.25], "texture": "#1"},
				"up": {"uv": [4.5, 0.75, 3.5, 0.5], "texture": "#1"},
				"down": {"uv": [5.5, 0.5, 4.5, 0.75], "texture": "#1"}
			}
		},
		{
			"from": [6.75, 10, 9],
			"to": [10.75, 12, 10],
			"rotation": {"angle": 45, "axis": "z", "origin": [10.75, 7.75, 0]},
			"faces": {
				"north": {"uv": [0.25, 2.25, 1.25, 2.75], "texture": "#1"},
				"east": {"uv": [0, 2.25, 0.25, 2.75], "texture": "#1"},
				"south": {"uv": [1.5, 2.25, 2.5, 2.75], "texture": "#1"},
				"west": {"uv": [1.25, 2.25, 1.5, 2.75], "texture": "#1"},
				"up": {"uv": [1.25, 2.25, 0.25, 2], "texture": "#1"},
				"down": {"uv": [2.25, 2, 1.25, 2.25], "texture": "#1"}
			}
		},
		{
			"from": [6.75, 10, 7],
			"to": [7.75, 12, 9],
			"rotation": {"angle": 45, "axis": "z", "origin": [10.75, 7.75, 0]},
			"faces": {
				"north": {"uv": [4.75, 4.75, 5, 5.25], "texture": "#1"},
				"east": {"uv": [4.25, 4.75, 4.75, 5.25], "texture": "#1"},
				"south": {"uv": [5.5, 4.75, 5.75, 5.25], "texture": "#1"},
				"west": {"uv": [5, 4.75, 5.5, 5.25], "texture": "#1"},
				"up": {"uv": [5, 4.75, 4.75, 4.25], "texture": "#1"},
				"down": {"uv": [5.25, 4.25, 5, 4.75], "texture": "#1"}
			}
		},
		{
			"from": [9.75, 10, 7],
			"to": [10.75, 12, 9],
			"rotation": {"angle": 45, "axis": "z", "origin": [10.75, 7.75, 0]},
			"faces": {
				"north": {"uv": [3.75, 4.25, 4, 4.75], "texture": "#1"},
				"east": {"uv": [3.25, 4.25, 3.75, 4.75], "texture": "#1"},
				"south": {"uv": [4.5, 4.25, 4.75, 4.75], "texture": "#1"},
				"west": {"uv": [4, 4.25, 4.5, 4.75], "texture": "#1"},
				"up": {"uv": [4, 4.25, 3.75, 3.75], "texture": "#1"},
				"down": {"uv": [4.25, 3.75, 4, 4.25], "texture": "#1"}
			}
		},
		{
			"from": [7.75, 12, 7],
			"to": [9.75, 14, 9],
			"rotation": {"angle": 45, "axis": "z", "origin": [10.75, 7.75, 0]},
			"faces": {
				"north": {"uv": [3.75, 1.75, 4.25, 2.25], "texture": "#1"},
				"east": {"uv": [3.25, 1.75, 3.75, 2.25], "texture": "#1"},
				"south": {"uv": [4.75, 1.75, 5.25, 2.25], "texture": "#1"},
				"west": {"uv": [4.25, 1.75, 4.75, 2.25], "texture": "#1"},
				"up": {"uv": [4.25, 1.75, 3.75, 1.25], "texture": "#1"},
				"down": {"uv": [4.75, 1.25, 4.25, 1.75], "texture": "#1"}
			}
		}
	],
	"display": {
		"ground": {
			"translation": [0, 4, 0]
		},
		"head": {
			"translation": [0, 16.5, 0],
			"scale": [1.3, 1.4, 1.3]
		}
	},
	"groups": [
		{
			"name": "Base",
			"origin": [8, 8, 8],
			"color": 0,
			"children": [0, 1, 2, 3]
		},
		{
			"name": "layer2",
			"origin": [8, 8, 8],
			"color": 0,
			"children": [4, 5, 6, 7]
		},
		{
			"name": "layer3",
			"origin": [8, 8, 8],
			"color": 0,
			"children": [8, 9, 10, 11]
		},
		{
			"name": "layer4",
			"origin": [8, 8, 8],
			"color": 0,
			"children": [12, 13, 14, 15]
		},
		{
			"name": "layer5",
			"origin": [8, 8, 8],
			"color": 0,
			"children": [16, 17, 18, 19]
		},
		{
			"name": "layer6",
			"origin": [8, 8, 8],
			"color": 0,
			"children": [20]
		}
	]
}