{
	"credit": "Made with Blockbench",
	"texture_size": [32, 32],
	"textures": {
		"0": "custom:item/hats/sims_diamond",
		"particle": "custom:item/hats/sims_diamond"
	},
	"elements": [
		{
			"from": [7, 0, 7],
			"to": [8, 14, 8],
			"rotation": {"angle": 0, "axis": "y", "origin": [7, 0, 7]},
			"faces": {
				"north": {"uv": [0, 0, 0.5, 7], "texture": "#0"},
				"east": {"uv": [0.5, 0, 1, 7], "texture": "#0"},
				"south": {"uv": [1, 0, 1.5, 7], "texture": "#0"},
				"west": {"uv": [1.5, 0, 2, 7], "texture": "#0"},
				"up": {"uv": [12.5, 10, 12, 9.5], "texture": "#0"},
				"down": {"uv": [12.5, 10, 12, 10.5], "texture": "#0"}
			}
		},
		{
			"from": [7, 1, 6],
			"to": [8, 12, 7],
			"rotation": {"angle": 0, "axis": "y", "origin": [7, 1, 6]},
			"faces": {
				"north": {"uv": [2, 0, 2.5, 5.5], "texture": "#0"},
				"east": {"uv": [2.5, 0, 3, 5.5], "texture": "#0"},
				"south": {"uv": [3, 0, 3.5, 5.5], "texture": "#0"},
				"west": {"uv": [3.5, 0, 4, 5.5], "texture": "#0"},
				"up": {"uv": [12.5, 11, 12, 10.5], "texture": "#0"},
				"down": {"uv": [11.5, 12, 11, 12.5], "texture": "#0"}
			}
		},
		{
			"from": [6, 2, 7],
			"to": [7, 12, 8],
			"rotation": {"angle": 0, "axis": "y", "origin": [6, 1, 7]},
			"faces": {
				"north": {"uv": [4, 5.5, 4.5, 10.5], "texture": "#0"},
				"east": {"uv": [4.5, 5.5, 5, 10.5], "texture": "#0"},
				"south": {"uv": [5, 5.5, 5.5, 10.5], "texture": "#0"},
				"west": {"uv": [5.5, 5.5, 6, 10.5], "texture": "#0"},
				"up": {"uv": [12.5, 11.5, 12, 11], "texture": "#0"},
				"down": {"uv": [12.5, 11.5, 12, 12], "texture": "#0"}
			}
		},
		{
			"from": [7, 1, 8],
			"to": [8, 12, 9],
			"rotation": {"angle": 0, "axis": "y", "origin": [7, 1, 8]},
			"faces": {
				"north": {"uv": [2, 5.5, 2.5, 11], "texture": "#0"},
				"east": {"uv": [2.5, 5.5, 3, 11], "texture": "#0"},
				"south": {"uv": [3, 5.5, 3.5, 11], "texture": "#0"},
				"west": {"uv": [3.5, 5.5, 4, 11], "texture": "#0"},
				"up": {"uv": [13, 1, 12.5, 0.5], "texture": "#0"},
				"down": {"uv": [13, 1, 12.5, 1.5], "texture": "#0"}
			}
		},
		{
			"from": [8, 1, 7],
			"to": [9, 12, 8],
			"rotation": {"angle": 0, "axis": "y", "origin": [8, 1, 7]},
			"faces": {
				"north": {"uv": [4, 0, 4.5, 5.5], "texture": "#0"},
				"east": {"uv": [4.5, 0, 5, 5.5], "texture": "#0"},
				"south": {"uv": [5, 0, 5.5, 5.5], "texture": "#0"},
				"west": {"uv": [5.5, 0, 6, 5.5], "texture": "#0"},
				"up": {"uv": [12.5, 12.5, 12, 12], "texture": "#0"},
				"down": {"uv": [13, 0, 12.5, 0.5], "texture": "#0"}
			}
		},
		{
			"from": [8, 5, 5],
			"to": [9, 9, 6],
			"rotation": {"angle": 0, "axis": "y", "origin": [8, 5, 5]},
			"faces": {
				"north": {"uv": [2.5, 11, 3, 13], "texture": "#0"},
				"east": {"uv": [3, 11, 3.5, 13], "texture": "#0"},
				"south": {"uv": [3.5, 11, 4, 13], "texture": "#0"},
				"west": {"uv": [11, 4, 11.5, 6], "texture": "#0"},
				"up": {"uv": [13, 11.5, 12.5, 11], "texture": "#0"},
				"down": {"uv": [12, 12.5, 11.5, 13], "texture": "#0"}
			}
		},
		{
			"from": [5, 4, 7],
			"to": [6, 10, 8],
			"rotation": {"angle": 0, "axis": "y", "origin": [5, 4, 7]},
			"faces": {
				"north": {"uv": [9, 7, 9.5, 10], "texture": "#0"},
				"east": {"uv": [9.5, 0, 10, 3], "texture": "#0"},
				"south": {"uv": [9.5, 3, 10, 6], "texture": "#0"},
				"west": {"uv": [9.5, 6, 10, 9], "texture": "#0"},
				"up": {"uv": [13, 2, 12.5, 1.5], "texture": "#0"},
				"down": {"uv": [13, 2, 12.5, 2.5], "texture": "#0"}
			}
		},
		{
			"from": [8, 3, 8],
			"to": [9, 11, 9],
			"rotation": {"angle": 0, "axis": "y", "origin": [8, 4, 8]},
			"faces": {
				"north": {"uv": [0, 7, 0.5, 11], "texture": "#0"},
				"east": {"uv": [7, 0, 7.5, 4], "texture": "#0"},
				"south": {"uv": [0.5, 7, 1, 11], "texture": "#0"},
				"west": {"uv": [1, 7, 1.5, 11], "texture": "#0"},
				"up": {"uv": [13, 6, 12.5, 5.5], "texture": "#0"},
				"down": {"uv": [13, 6, 12.5, 6.5], "texture": "#0"}
			}
		},
		{
			"from": [6, 3, 8],
			"to": [7, 10, 9],
			"rotation": {"angle": 0, "axis": "y", "origin": [6, 4, 8]},
			"faces": {
				"north": {"uv": [8, 0, 8.5, 3.5], "texture": "#0"},
				"east": {"uv": [8, 3.5, 8.5, 7], "texture": "#0"},
				"south": {"uv": [6, 8, 6.5, 11.5], "texture": "#0"},
				"west": {"uv": [6.5, 8, 7, 11.5], "texture": "#0"},
				"up": {"uv": [13, 7, 12.5, 6.5], "texture": "#0"},
				"down": {"uv": [13, 7, 12.5, 7.5], "texture": "#0"}
			}
		},
		{
			"from": [7, 4, 5],
			"to": [8, 10, 6],
			"rotation": {"angle": 0, "axis": "y", "origin": [7, 4, 5]},
			"faces": {
				"north": {"uv": [9.5, 9, 10, 12], "texture": "#0"},
				"east": {"uv": [10, 0, 10.5, 3], "texture": "#0"},
				"south": {"uv": [10, 3, 10.5, 6], "texture": "#0"},
				"west": {"uv": [10, 6, 10.5, 9], "texture": "#0"},
				"up": {"uv": [13, 4.5, 12.5, 4], "texture": "#0"},
				"down": {"uv": [5, 12.5, 4.5, 13], "texture": "#0"}
			}
		},
		{
			"from": [4, 5, 7],
			"to": [5, 8, 8],
			"rotation": {"angle": 0, "axis": "y", "origin": [4, 4, 7]},
			"faces": {
				"north": {"uv": [6, 11.5, 6.5, 13], "texture": "#0"},
				"east": {"uv": [11.5, 6, 12, 7.5], "texture": "#0"},
				"south": {"uv": [6.5, 11.5, 7, 13], "texture": "#0"},
				"west": {"uv": [7, 11.5, 7.5, 13], "texture": "#0"},
				"up": {"uv": [13, 4, 12.5, 3.5], "texture": "#0"},
				"down": {"uv": [4.5, 12.5, 4, 13], "texture": "#0"}
			}
		},
		{
			"from": [6, 5, 5],
			"to": [7, 7, 6],
			"rotation": {"angle": 0, "axis": "y", "origin": [6, 4, 5]},
			"faces": {
				"north": {"uv": [7.5, 11.5, 8, 12.5], "texture": "#0"},
				"east": {"uv": [11.5, 7.5, 12, 8.5], "texture": "#0"},
				"south": {"uv": [11.5, 8.5, 12, 9.5], "texture": "#0"},
				"west": {"uv": [11.5, 9.5, 12, 10.5], "texture": "#0"},
				"up": {"uv": [13, 5, 12.5, 4.5], "texture": "#0"},
				"down": {"uv": [5.5, 12.5, 5, 13], "texture": "#0"}
			}
		},
		{
			"from": [7, 6, 4],
			"to": [8, 8, 5],
			"rotation": {"angle": 0, "axis": "y", "origin": [7, 4, 4]},
			"faces": {
				"north": {"uv": [10, 11.5, 10.5, 12.5], "texture": "#0"},
				"east": {"uv": [11.5, 10.5, 12, 11.5], "texture": "#0"},
				"south": {"uv": [11.5, 11.5, 12, 12.5], "texture": "#0"},
				"west": {"uv": [12, 0, 12.5, 1], "texture": "#0"},
				"up": {"uv": [13, 5.5, 12.5, 5], "texture": "#0"},
				"down": {"uv": [6, 12.5, 5.5, 13], "texture": "#0"}
			}
		},
		{
			"from": [10, 6, 7],
			"to": [11, 8, 8],
			"rotation": {"angle": 0, "axis": "y", "origin": [10, 4, 7]},
			"faces": {
				"north": {"uv": [12, 5, 12.5, 6], "texture": "#0"},
				"east": {"uv": [12, 6, 12.5, 7], "texture": "#0"},
				"south": {"uv": [12, 7, 12.5, 8], "texture": "#0"},
				"west": {"uv": [12, 8, 12.5, 9], "texture": "#0"},
				"up": {"uv": [13, 12, 12.5, 11.5], "texture": "#0"},
				"down": {"uv": [12.5, 12.5, 12, 13], "texture": "#0"}
			}
		},
		{
			"from": [7, 5, 10],
			"to": [8, 8, 11],
			"rotation": {"angle": 0, "axis": "y", "origin": [7, 4, 10]},
			"faces": {
				"north": {"uv": [11.5, 0, 12, 1.5], "texture": "#0"},
				"east": {"uv": [11.5, 1.5, 12, 3], "texture": "#0"},
				"south": {"uv": [11.5, 3, 12, 4.5], "texture": "#0"},
				"west": {"uv": [11.5, 4.5, 12, 6], "texture": "#0"},
				"up": {"uv": [12.5, 9.5, 12, 9], "texture": "#0"},
				"down": {"uv": [10, 12, 9.5, 12.5], "texture": "#0"}
			}
		},
		{
			"from": [8, 4, 9],
			"to": [9, 9, 10],
			"rotation": {"angle": 0, "axis": "y", "origin": [8, 4, 9]},
			"faces": {
				"north": {"uv": [9, 10, 9.5, 12.5], "texture": "#0"},
				"east": {"uv": [10, 9, 10.5, 11.5], "texture": "#0"},
				"south": {"uv": [10.5, 0, 11, 2.5], "texture": "#0"},
				"west": {"uv": [10.5, 2.5, 11, 5], "texture": "#0"},
				"up": {"uv": [13, 12.5, 12.5, 12], "texture": "#0"},
				"down": {"uv": [13, 12.5, 12.5, 13], "texture": "#0"}
			}
		},
		{
			"from": [6, 3, 6],
			"to": [7, 11, 7],
			"rotation": {"angle": 0, "axis": "y", "origin": [6, 6, 6]},
			"faces": {
				"north": {"uv": [6, 0, 6.5, 4], "texture": "#0"},
				"east": {"uv": [6, 4, 6.5, 8], "texture": "#0"},
				"south": {"uv": [6.5, 0, 7, 4], "texture": "#0"},
				"west": {"uv": [6.5, 4, 7, 8], "texture": "#0"},
				"up": {"uv": [13, 3, 12.5, 2.5], "texture": "#0"},
				"down": {"uv": [13, 3, 12.5, 3.5], "texture": "#0"}
			}
		},
		{
			"from": [5, 6, 6],
			"to": [6, 8, 7],
			"rotation": {"angle": 0, "axis": "y", "origin": [5, 4, 6]},
			"faces": {
				"north": {"uv": [12, 1, 12.5, 2], "texture": "#0"},
				"east": {"uv": [12, 2, 12.5, 3], "texture": "#0"},
				"south": {"uv": [12, 3, 12.5, 4], "texture": "#0"},
				"west": {"uv": [12, 4, 12.5, 5], "texture": "#0"},
				"up": {"uv": [8, 13, 7.5, 12.5], "texture": "#0"},
				"down": {"uv": [13, 7.5, 12.5, 8], "texture": "#0"}
			}
		},
		{
			"from": [8, 2, 6],
			"to": [9, 9, 7],
			"rotation": {"angle": 0, "axis": "y", "origin": [8, 4, 6]},
			"faces": {
				"north": {"uv": [7, 8, 7.5, 11.5], "texture": "#0"},
				"east": {"uv": [8, 7, 8.5, 10.5], "texture": "#0"},
				"south": {"uv": [7.5, 8, 8, 11.5], "texture": "#0"},
				"west": {"uv": [8.5, 0, 9, 3.5], "texture": "#0"},
				"up": {"uv": [8.5, 13, 8, 12.5], "texture": "#0"},
				"down": {"uv": [13, 8, 12.5, 8.5], "texture": "#0"}
			}
		},
		{
			"from": [9, 3, 7],
			"to": [10, 10, 8],
			"rotation": {"angle": 0, "axis": "y", "origin": [9, 4, 7]},
			"faces": {
				"north": {"uv": [8.5, 3.5, 9, 7], "texture": "#0"},
				"east": {"uv": [8.5, 7, 9, 10.5], "texture": "#0"},
				"south": {"uv": [9, 0, 9.5, 3.5], "texture": "#0"},
				"west": {"uv": [9, 3.5, 9.5, 7], "texture": "#0"},
				"up": {"uv": [9, 13, 8.5, 12.5], "texture": "#0"},
				"down": {"uv": [13, 8.5, 12.5, 9], "texture": "#0"}
			}
		},
		{
			"from": [7, 2, 9],
			"to": [8, 10, 10],
			"rotation": {"angle": 0, "axis": "y", "origin": [7, 4, 9]},
			"faces": {
				"north": {"uv": [1.5, 7, 2, 11], "texture": "#0"},
				"east": {"uv": [7, 4, 7.5, 8], "texture": "#0"},
				"south": {"uv": [7.5, 0, 8, 4], "texture": "#0"},
				"west": {"uv": [7.5, 4, 8, 8], "texture": "#0"},
				"up": {"uv": [9.5, 13, 9, 12.5], "texture": "#0"},
				"down": {"uv": [13, 9, 12.5, 9.5], "texture": "#0"}
			}
		},
		{
			"from": [5, 5, 8],
			"to": [6, 9, 9],
			"rotation": {"angle": 0, "axis": "y", "origin": [5, 5, 8]},
			"faces": {
				"north": {"uv": [4, 10.5, 4.5, 12.5], "texture": "#0"},
				"east": {"uv": [4.5, 10.5, 5, 12.5], "texture": "#0"},
				"south": {"uv": [5, 10.5, 5.5, 12.5], "texture": "#0"},
				"west": {"uv": [10.5, 5, 11, 7], "texture": "#0"},
				"up": {"uv": [10, 13, 9.5, 12.5], "texture": "#0"},
				"down": {"uv": [13, 9.5, 12.5, 10], "texture": "#0"}
			}
		},
		{
			"from": [6, 4, 9],
			"to": [7, 8, 10],
			"rotation": {"angle": 0, "axis": "y", "origin": [6, 4, 9]},
			"faces": {
				"north": {"uv": [11, 6, 11.5, 8], "texture": "#0"},
				"east": {"uv": [11, 8, 11.5, 10], "texture": "#0"},
				"south": {"uv": [11, 10, 11.5, 12], "texture": "#0"},
				"west": {"uv": [10.5, 11, 11, 13], "texture": "#0"},
				"up": {"uv": [0.5, 13.5, 0, 13], "texture": "#0"},
				"down": {"uv": [13.5, 0, 13, 0.5], "texture": "#0"}
			}
		},
		{
			"from": [9, 5, 8],
			"to": [10, 9, 9],
			"rotation": {"angle": 0, "axis": "y", "origin": [9, 5, 8]},
			"faces": {
				"north": {"uv": [10.5, 9, 11, 11], "texture": "#0"},
				"east": {"uv": [0, 11, 0.5, 13], "texture": "#0"},
				"south": {"uv": [11, 0, 11.5, 2], "texture": "#0"},
				"west": {"uv": [0.5, 11, 1, 13], "texture": "#0"},
				"up": {"uv": [10.5, 13, 10, 12.5], "texture": "#0"},
				"down": {"uv": [13, 10, 12.5, 10.5], "texture": "#0"}
			}
		},
		{
			"from": [6, 4, 9],
			"to": [7, 8, 9],
			"rotation": {"angle": 0, "axis": "y", "origin": [6, 4, 9]},
			"faces": {
				"north": {"uv": [5.5, 10.5, 6, 12.5], "texture": "#0"},
				"east": {"uv": [0, 0, 0, 2], "texture": "#0"},
				"south": {"uv": [10.5, 7, 11, 9], "texture": "#0"},
				"west": {"uv": [0, 0, 0, 2], "texture": "#0"},
				"up": {"uv": [0.5, 0, 0, 0], "texture": "#0"},
				"down": {"uv": [0.5, 0, 0, 0], "texture": "#0"}
			}
		},
		{
			"from": [6, 4, 9],
			"to": [7, 8, 9],
			"rotation": {"angle": 0, "axis": "y", "origin": [6, 4, 9]},
			"faces": {
				"north": {"uv": [8, 10.5, 8.5, 12.5], "texture": "#0"},
				"east": {"uv": [0, 0, 0, 2], "texture": "#0"},
				"south": {"uv": [8.5, 10.5, 9, 12.5], "texture": "#0"},
				"west": {"uv": [0, 0, 0, 2], "texture": "#0"},
				"up": {"uv": [0.5, 0, 0, 0], "texture": "#0"},
				"down": {"uv": [0.5, 0, 0, 0], "texture": "#0"}
			}
		},
		{
			"from": [9, 4, 6],
			"to": [10, 8, 7],
			"rotation": {"angle": 0, "axis": "y", "origin": [9, 4, 6]},
			"faces": {
				"north": {"uv": [1, 11, 1.5, 13], "texture": "#0"},
				"east": {"uv": [1.5, 11, 2, 13], "texture": "#0"},
				"south": {"uv": [2, 11, 2.5, 13], "texture": "#0"},
				"west": {"uv": [11, 2, 11.5, 4], "texture": "#0"},
				"up": {"uv": [13, 11, 12.5, 10.5], "texture": "#0"},
				"down": {"uv": [11.5, 12.5, 11, 13], "texture": "#0"}
			}
		}
	],
	"display": {
		"head": {
			"rotation": [0, 35, 0],
			"translation": [0, 16.5, 0]
		}
	},
	"groups": [
		{
			"name": "rotation 1",
			"origin": [9, 4, 6],
			"color": 0,
			"children": [0, 1, 2, 3, 4, 5, 6, 7, 8, 9, 10, 11, 12, 13, 14, 15, 16, 17, 18, 19, 20, 21, 22, 23, 24, 25, 26]
		}
	]
}