{
	"credit": "Made with Blockbench",
	"texture_size": [32, 16],
	"textures": {
		"1": "custom:item/globe/globe_stand",
		"2": "custom:item/globe/globe_the_world",
		"particle": "custom:item/globe/globe_the_world"
	},
	"elements": [
		{
			"from": [7, 2, 7],
			"to": [9, 4, 9],
			"rotation": {"angle": 0, "axis": "y", "origin": [8, 9, 8]},
			"faces": {
				"north": {"uv": [7, 12, 9, 14], "texture": "#1"},
				"east": {"uv": [7, 12, 9, 14], "texture": "#1"},
				"south": {"uv": [7, 12, 9, 14], "texture": "#1"},
				"west": {"uv": [7, 12, 9, 14], "texture": "#1"},
				"up": {"uv": [3, 3, 5, 5], "texture": "#1"}
			}
		},
		{
			"from": [7.5, 4, 13.5],
			"to": [8.5, 14, 14.5],
			"rotation": {"angle": 22.5, "axis": "x", "origin": [8, 9, 8]},
			"faces": {
				"north": {"uv": [15, 0, 16, 10], "texture": "#1"},
				"east": {"uv": [15, 0, 16, 10], "texture": "#1"},
				"south": {"uv": [15, 0, 16, 10], "texture": "#1"},
				"west": {"uv": [15, 0, 16, 10], "texture": "#1"},
				"up": {"uv": [15, 0, 16, 1], "rotation": 90, "texture": "#1"},
				"down": {"uv": [15, 9, 16, 10], "rotation": 270, "texture": "#1"}
			}
		},
		{
			"from": [7.5, 13, 7.5],
			"to": [8.5, 14, 13.5],
			"rotation": {"angle": 22.5, "axis": "x", "origin": [8, 9, 8]},
			"faces": {
				"north": {"uv": [9, 0, 10, 1], "texture": "#1"},
				"east": {"uv": [9, 0, 15, 1], "texture": "#1"},
				"west": {"uv": [9, 0, 15, 1], "texture": "#1"},
				"up": {"uv": [9, 0, 15, 1], "rotation": 90, "texture": "#1"},
				"down": {"uv": [9, 0, 15, 1], "rotation": 270, "texture": "#1"}
			}
		},
		{
			"from": [7.5, 4, 7.5],
			"to": [8.5, 5, 13.5],
			"rotation": {"angle": 22.5, "axis": "x", "origin": [8, 9, 8]},
			"faces": {
				"north": {"uv": [9, 9, 10, 10], "texture": "#1"},
				"east": {"uv": [9, 9, 15, 10], "texture": "#1"},
				"west": {"uv": [9, 9, 15, 10], "texture": "#1"},
				"up": {"uv": [9, 9, 15, 10], "rotation": 90, "texture": "#1"},
				"down": {"uv": [9, 9, 15, 10], "rotation": 270, "texture": "#1"}
			}
		},
		{
			"from": [5, 1, 5],
			"to": [11, 2, 11],
			"rotation": {"angle": 0, "axis": "y", "origin": [8, 9, 8]},
			"faces": {
				"north": {"uv": [5, 14, 11, 15], "texture": "#1"},
				"east": {"uv": [5, 14, 11, 15], "texture": "#1"},
				"south": {"uv": [5, 14, 11, 15], "texture": "#1"},
				"west": {"uv": [5, 14, 11, 15], "texture": "#1"},
				"up": {"uv": [8, 2, 14, 8], "texture": "#1"}
			}
		},
		{
			"from": [4, 0, 4],
			"to": [12, 1, 12],
			"rotation": {"angle": 0, "axis": "y", "origin": [8, 9, 8]},
			"faces": {
				"north": {"uv": [4, 15, 12, 16], "texture": "#1"},
				"east": {"uv": [4, 15, 12, 16], "texture": "#1"},
				"south": {"uv": [4, 15, 12, 16], "texture": "#1"},
				"west": {"uv": [4, 15, 12, 16], "texture": "#1"},
				"up": {"uv": [0, 0, 8, 8], "texture": "#1"},
				"down": {"uv": [0, 0, 8, 8], "texture": "#1"}
			}
		},
		{
			"from": [4, 5, 4],
			"to": [12, 13, 12],
			"rotation": {"angle": 22.5, "axis": "x", "origin": [8, 9, 8]},
			"faces": {
				"north": {"uv": [4, 8, 8, 16], "texture": "#2"},
				"east": {"uv": [0, 8, 4, 16], "texture": "#2"},
				"south": {"uv": [12, 8, 16, 16], "texture": "#2"},
				"west": {"uv": [8, 8, 12, 16], "texture": "#2"},
				"up": {"uv": [4, 0, 8, 8], "rotation": 180, "texture": "#2"},
				"down": {"uv": [8, 0, 12, 8], "rotation": 90, "texture": "#2"}
			}
		}
	],
	"display": {
		"fixed": {
			"rotation": [-90, 0, 0],
			"translation": [0, 0, -19],
			"scale": [2.5, 2.5, 2.5]
		}
	},
	"groups": [
		{
			"name": "stand",
			"origin": [8, 9, 8],
			"color": 0,
			"children": [
				0,
				{
					"name": "group",
					"origin": [15.5, 17, 15.5],
					"color": 0,
					"children": [1, 2, 3]
				},
				4,
				5
			]
		},
		{
			"name": "globe",
			"origin": [15.5, 17, 15.5],
			"color": 0,
			"children": [6]
		}
	]
}