{
	"credit": "Made with Blockbench",
	"textures": {
		"0": "custom:item/max_sword/blade",
		"1": "custom:item/max_sword/texture_1",
		"2": "custom:item/max_sword/texture_2",
		"3": "custom:item/max_sword/texture_3",
		"4": "custom:item/max_sword/handle",
		"5": "custom:item/max_sword/texture_4",
		"6": "custom:item/max_sword/texture_5",
		"7": "custom:item/max_sword/texture_6",
		"particle": "custom:item/max_sword/blade"
	},
	"elements": [
		{
			"from": [8, 6, 6.8],
			"to": [8.5, 28, 9.3],
			"rotation": {"angle": 0, "axis": "y", "origin": [7, 3, 7]},
			"faces": {
				"north": {"uv": [3, 0, 3.5, 11], "texture": "#0"},
				"east": {"uv": [0, 0, 1.5, 11], "texture": "#0"},
				"south": {"uv": [3.5, 0, 4, 11], "texture": "#0"},
				"west": {"uv": [1.5, 0, 3, 11], "texture": "#0"},
				"up": {"uv": [4.5, 1.5, 4, 0], "texture": "#0"},
				"down": {"uv": [4.5, 1.5, 4, 3], "texture": "#0"}
			}
		},
		{
			"from": [8, 27.3, 9.2],
			"to": [8.5, 28, 10.2],
			"rotation": {"angle": 0, "axis": "y", "origin": [7, 3, 7]},
			"faces": {
				"north": {"uv": [1, 2, 2, 3], "texture": "#6"},
				"east": {"uv": [0, 0, 2, 1], "texture": "#6"},
				"south": {"uv": [2, 2, 3, 3], "texture": "#6"},
				"west": {"uv": [0, 1, 2, 2], "texture": "#6"},
				"up": {"uv": [1, 4, 0, 2], "texture": "#6"},
				"down": {"uv": [3, 0, 2, 2], "texture": "#6"}
			}
		},
		{
			"from": [8, 27.3, 5.9],
			"to": [8.5, 28, 6.9],
			"rotation": {"angle": 0, "axis": "y", "origin": [7, 3, 4]},
			"faces": {
				"north": {"uv": [1, 2, 2, 3], "texture": "#7"},
				"east": {"uv": [0, 0, 2, 1], "texture": "#7"},
				"south": {"uv": [2, 2, 3, 3], "texture": "#7"},
				"west": {"uv": [0, 1, 2, 2], "texture": "#7"},
				"up": {"uv": [1, 4, 0, 2], "texture": "#7"},
				"down": {"uv": [3, 0, 2, 2], "texture": "#7"}
			}
		},
		{
			"from": [8, 0, 7.5],
			"to": [8.5, 6, 8.5],
			"rotation": {"angle": 0, "axis": "y", "origin": [8, 0, 7]},
			"faces": {
				"north": {"uv": [0, 0, 1, 6], "texture": "#4"},
				"east": {"uv": [1, 0, 2, 6], "texture": "#4"},
				"south": {"uv": [2, 0, 3, 6], "texture": "#4"},
				"west": {"uv": [3, 0, 4, 6], "texture": "#4"},
				"up": {"uv": [5, 1, 4, 0], "texture": "#4"},
				"down": {"uv": [5, 1, 4, 2], "texture": "#4"}
			}
		},
		{
			"from": [7.9, 0, 6.4],
			"to": [8.6, 2, 8.4],
			"rotation": {"angle": 45, "axis": "x", "origin": [7, 0, 7]},
			"faces": {
				"north": {"uv": [2, 0, 3, 2], "texture": "#5"},
				"east": {"uv": [0, 0, 2, 2], "texture": "#5"},
				"south": {"uv": [2, 2, 3, 4], "texture": "#5"},
				"west": {"uv": [0, 2, 2, 4], "texture": "#5"},
				"up": {"uv": [4, 2, 3, 0], "texture": "#5"},
				"down": {"uv": [4, 2, 3, 4], "texture": "#5"}
			}
		},
		{
			"from": [7.9, 5.5, 6],
			"to": [8.6, 6.5, 10],
			"rotation": {"angle": 0, "axis": "y", "origin": [7, 7, 7]},
			"faces": {
				"north": {"uv": [2, 2, 3, 3], "texture": "#1"},
				"east": {"uv": [0, 0, 4, 1], "texture": "#1"},
				"south": {"uv": [2, 3, 3, 4], "texture": "#1"},
				"west": {"uv": [0, 1, 4, 2], "texture": "#1"},
				"up": {"uv": [1, 6, 0, 2], "texture": "#1"},
				"down": {"uv": [2, 2, 1, 6], "texture": "#1"}
			}
		},
		{
			"from": [7.9, 6.5, 7.5],
			"to": [8.6, 7.5, 9.5],
			"rotation": {"angle": -45, "axis": "x", "origin": [7, 9, 10]},
			"faces": {
				"north": {"uv": [1, 2, 2, 3], "texture": "#2"},
				"east": {"uv": [0, 0, 2, 1], "texture": "#2"},
				"south": {"uv": [2, 2, 3, 3], "texture": "#2"},
				"west": {"uv": [0, 1, 2, 2], "texture": "#2"},
				"up": {"uv": [1, 4, 0, 2], "texture": "#2"},
				"down": {"uv": [3, 0, 2, 2], "texture": "#2"}
			}
		},
		{
			"from": [7.9, 4.5, 5.6],
			"to": [8.6, 5.5, 7.6],
			"rotation": {"angle": 45, "axis": "x", "origin": [7, 7, 8]},
			"faces": {
				"north": {"uv": [1, 2, 2, 3], "texture": "#3"},
				"east": {"uv": [0, 0, 2, 1], "texture": "#3"},
				"south": {"uv": [2, 2, 3, 3], "texture": "#3"},
				"west": {"uv": [0, 1, 2, 2], "texture": "#3"},
				"up": {"uv": [1, 4, 0, 2], "texture": "#3"},
				"down": {"uv": [3, 0, 2, 2], "texture": "#3"}
			}
		}
	],
	"display": {
		"thirdperson_righthand": {
			"translation": [0, 3.75, 1.75],
			"scale": [1, 1.34, 1]
		},
		"gui": {
			"rotation": [69, -42, 71],
			"translation": [3.75, -3.5, 0],
			"scale": [0.75, 0.75, 0.75]
		},
		"fixed": {
			"rotation": [180, 90, 0],
			"translation": [0, 13.5, -0.5],
			"scale": [1.5, 1.6, 1.5]
		}
	}
}