{
	"credit": "Made with Blockbench",
	"texture_size": [32, 32],
	"textures": {
		"0": "custom:item/shar_staff/handle",
		"1": "custom:item/shar_staff/crystal",
		"2": "custom:item/shar_staff/hilt",
		"3": "custom:item/shar_staff/base",
		"particle": "custom:item/shar_staff/crystal"
	},
	"elements": [
		{
			"from": [4, 24, 4],
			"to": [10, 26, 10],
			"rotation": {"angle": 0, "axis": "y", "origin": [0, -4, 0]},
			"faces": {
				"north": {"uv": [0, 0, 6, 2], "texture": "#1"},
				"east": {"uv": [0, 0, 6, 2], "texture": "#1"},
				"south": {"uv": [0, 0, 6, 2], "texture": "#1"},
				"west": {"uv": [0, 0, 6, 2], "texture": "#1"},
				"up": {"uv": [0, 0, 6, 6], "texture": "#1"},
				"down": {"uv": [0, 0, 6, 6], "texture": "#1"}
			}
		},
		{
			"from": [5, 25, 5],
			"to": [9, 27, 9],
			"rotation": {"angle": 0, "axis": "y", "origin": [0, -5, 0]},
			"faces": {
				"north": {"uv": [0, 0, 4, 2], "texture": "#1"},
				"east": {"uv": [0, 0, 4, 2], "texture": "#1"},
				"south": {"uv": [0, 0, 4, 2], "texture": "#1"},
				"west": {"uv": [0, 0, 4, 2], "texture": "#1"},
				"up": {"uv": [0, 0, 4, 4], "texture": "#1"},
				"down": {"uv": [0, 0, 4, 4], "texture": "#1"}
			}
		},
		{
			"from": [4, 21, 9],
			"to": [10, 24, 11],
			"rotation": {"angle": 0, "axis": "y", "origin": [0, -3, -1]},
			"faces": {
				"north": {"uv": [0, 0, 6, 4], "texture": "#1"},
				"east": {"uv": [0, 0, 2, 4], "texture": "#1"},
				"south": {"uv": [0, 0, 6, 4], "texture": "#1"},
				"west": {"uv": [0, 0, 2, 4], "texture": "#1"},
				"up": {"uv": [0, 0, 6, 2], "texture": "#1"},
				"down": {"uv": [0, 0, 6, 2], "texture": "#1"}
			}
		},
		{
			"from": [4, 21, 3],
			"to": [10, 24, 5],
			"rotation": {"angle": 0, "axis": "y", "origin": [0, -3, 1]},
			"faces": {
				"north": {"uv": [0, 0, 6, 4], "texture": "#1"},
				"east": {"uv": [0, 0, 2, 4], "texture": "#1"},
				"south": {"uv": [0, 0, 6, 4], "texture": "#1"},
				"west": {"uv": [0, 0, 2, 4], "texture": "#1"},
				"up": {"uv": [0, 0, 6, 2], "texture": "#1"},
				"down": {"uv": [0, 0, 6, 2], "texture": "#1"}
			}
		},
		{
			"from": [3, 21, 4],
			"to": [5, 24, 10],
			"rotation": {"angle": 0, "axis": "y", "origin": [1, -3, 0]},
			"faces": {
				"north": {"uv": [0, 0, 2, 4], "texture": "#1"},
				"east": {"uv": [0, 0, 6, 4], "texture": "#1"},
				"south": {"uv": [0, 0, 2, 4], "texture": "#1"},
				"west": {"uv": [0, 0, 6, 4], "texture": "#1"},
				"up": {"uv": [0, 0, 2, 6], "texture": "#1"},
				"down": {"uv": [0, 0, 2, 6], "texture": "#1"}
			}
		},
		{
			"from": [9, 21, 4],
			"to": [11, 24, 10],
			"rotation": {"angle": 0, "axis": "y", "origin": [-1, -3, 0]},
			"faces": {
				"north": {"uv": [6, 6, 8, 10], "texture": "#1"},
				"east": {"uv": [0, 6, 6, 10], "texture": "#1"},
				"south": {"uv": [14, 6, 16, 10], "texture": "#1"},
				"west": {"uv": [8, 6, 14, 10], "texture": "#1"},
				"up": {"uv": [8, 6, 6, 0], "texture": "#1"},
				"down": {"uv": [10, 0, 8, 6], "texture": "#1"}
			}
		},
		{
			"name": "handle",
			"from": [6, -15, 6],
			"to": [8, 21, 8],
			"rotation": {"angle": 0, "axis": "y", "origin": [0, 1, 0]},
			"faces": {
				"north": {"uv": [2, 2, 4, 16], "texture": "#0"},
				"east": {"uv": [0, 2, 2, 16], "texture": "#0"},
				"south": {"uv": [6, 0, 9, 16], "texture": "#0"},
				"west": {"uv": [4, 0, 6, 16], "texture": "#0"},
				"up": {"uv": [2, 2, 0, 0], "texture": "#0"},
				"down": {"uv": [4, 0, 2, 2], "texture": "#0"}
			}
		},
		{
			"name": "hilt",
			"from": [5, -15.5, 5],
			"to": [9, -13.5, 9],
			"rotation": {"angle": 0, "axis": "y", "origin": [0, -1, 0]},
			"faces": {
				"north": {"uv": [4, 4, 8, 5], "texture": "#2"},
				"east": {"uv": [0, 4, 4, 5], "texture": "#2"},
				"south": {"uv": [12, 4, 16, 5], "texture": "#2"},
				"west": {"uv": [8, 4, 12, 5], "texture": "#2"},
				"up": {"uv": [8, 4, 4, 0], "texture": "#2"},
				"down": {"uv": [12, 0, 8, 4], "texture": "#2"}
			}
		},
		{
			"name": "base",
			"from": [2.75, 19, 2.75],
			"to": [11.25, 22, 11.25],
			"rotation": {"angle": 0, "axis": "y", "origin": [5, 19, 8]},
			"faces": {
				"north": {"uv": [4.5, 0, 9, 2], "texture": "#3"},
				"east": {"uv": [4.5, 2, 9, 4], "texture": "#3"},
				"south": {"uv": [4.5, 4, 9, 6], "texture": "#3"},
				"west": {"uv": [4.5, 6, 9, 8], "texture": "#3"},
				"up": {"uv": [4.5, 4.5, 0, 0], "texture": "#3"},
				"down": {"uv": [4.5, 4.5, 0, 9], "texture": "#3"}
			}
		},
		{
			"name": "base",
			"from": [3.75, 18, 3.75],
			"to": [10.25, 19, 10.25],
			"rotation": {"angle": 0, "axis": "y", "origin": [6, 18, 9]},
			"faces": {
				"north": {"uv": [0, 1.5, 4.5, 3.5], "texture": "#3"},
				"east": {"uv": [0, 0, 4.5, 2], "texture": "#3"},
				"south": {"uv": [0, 2.5, 4.5, 4.5], "texture": "#3"},
				"west": {"uv": [0, 4, 4.5, 6], "texture": "#3"},
				"up": {"uv": [4.5, 4.5, 0, 0], "texture": "#3"},
				"down": {"uv": [4.5, 4, 0, 8.5], "texture": "#3"}
			}
		},
		{
			"from": [2.5, 20, 6],
			"to": [3.5, 25, 8],
			"rotation": {"angle": 22.5, "axis": "z", "origin": [2, 21, 6]},
			"faces": {
				"north": {"uv": [2, 9, 2.5, 11.5], "texture": "#3"},
				"east": {"uv": [4.5, 8, 5.5, 10.5], "texture": "#3"},
				"south": {"uv": [2.5, 9, 3, 11.5], "texture": "#3"},
				"west": {"uv": [5.5, 8, 6.5, 10.5], "texture": "#3"},
				"up": {"uv": [11.5, 4, 11, 3], "texture": "#3"},
				"down": {"uv": [11.5, 4, 11, 5], "texture": "#3"}
			}
		},
		{
			"from": [2.5, 20, 9],
			"to": [3.5, 23, 10],
			"rotation": {"angle": 22.5, "axis": "z", "origin": [2, 21, 9]},
			"faces": {
				"north": {"uv": [9.5, 5, 10, 6.5], "texture": "#3"},
				"east": {"uv": [9.5, 6.5, 10, 8], "texture": "#3"},
				"south": {"uv": [9.5, 8, 10, 9.5], "texture": "#3"},
				"west": {"uv": [9.5, 9.5, 10, 11], "texture": "#3"},
				"up": {"uv": [9.5, 8, 9, 7.5], "texture": "#3"},
				"down": {"uv": [11.5, 9, 11, 9.5], "texture": "#3"}
			}
		},
		{
			"from": [2.5, 20, 4],
			"to": [3.5, 23, 5],
			"rotation": {"angle": 22.5, "axis": "z", "origin": [2, 21, 4]},
			"faces": {
				"north": {"uv": [10, 0, 10.5, 1.5], "texture": "#3"},
				"east": {"uv": [10, 1.5, 10.5, 3], "texture": "#3"},
				"south": {"uv": [10, 3, 10.5, 4.5], "texture": "#3"},
				"west": {"uv": [10, 4.5, 10.5, 6], "texture": "#3"},
				"up": {"uv": [10, 11.5, 9.5, 11], "texture": "#3"},
				"down": {"uv": [11.5, 9.5, 11, 10], "texture": "#3"}
			}
		},
		{
			"from": [10.5, 20, 6],
			"to": [11.5, 25, 8],
			"rotation": {"angle": -22.5, "axis": "z", "origin": [11, 21, 6]},
			"faces": {
				"north": {"uv": [9, 2.5, 9.5, 5], "texture": "#3"},
				"east": {"uv": [6.5, 8, 7.5, 10.5], "texture": "#3"},
				"south": {"uv": [3, 9, 3.5, 11.5], "texture": "#3"},
				"west": {"uv": [7.5, 8, 8.5, 10.5], "texture": "#3"},
				"up": {"uv": [11.5, 6, 11, 5], "texture": "#3"},
				"down": {"uv": [11.5, 6, 11, 7], "texture": "#3"}
			}
		},
		{
			"from": [10.5, 20, 9],
			"to": [11.5, 23, 10],
			"rotation": {"angle": -22.5, "axis": "z", "origin": [11, 21, 9]},
			"faces": {
				"north": {"uv": [10, 6, 10.5, 7.5], "texture": "#3"},
				"east": {"uv": [10, 7.5, 10.5, 9], "texture": "#3"},
				"south": {"uv": [10, 9, 10.5, 10.5], "texture": "#3"},
				"west": {"uv": [10.5, 0, 11, 1.5], "texture": "#3"},
				"up": {"uv": [11.5, 10.5, 11, 10], "texture": "#3"},
				"down": {"uv": [11.5, 10.5, 11, 11], "texture": "#3"}
			}
		},
		{
			"from": [10.5, 20, 4],
			"to": [11.5, 23, 5],
			"rotation": {"angle": -22.5, "axis": "z", "origin": [11, 21, 4]},
			"faces": {
				"north": {"uv": [10.5, 1.5, 11, 3], "texture": "#3"},
				"east": {"uv": [10.5, 3, 11, 4.5], "texture": "#3"},
				"south": {"uv": [4.5, 10.5, 5, 12], "texture": "#3"},
				"west": {"uv": [10.5, 4.5, 11, 6], "texture": "#3"},
				"up": {"uv": [11.5, 11.5, 11, 11], "texture": "#3"},
				"down": {"uv": [0.5, 11.5, 0, 12], "texture": "#3"}
			}
		},
		{
			"from": [9, 20, 2.5],
			"to": [10, 23, 3.5],
			"rotation": {"angle": -22.5, "axis": "x", "origin": [10, 21, 2]},
			"faces": {
				"north": {"uv": [5, 10.5, 5.5, 12], "texture": "#3"},
				"east": {"uv": [5.5, 10.5, 6, 12], "texture": "#3"},
				"south": {"uv": [6, 10.5, 6.5, 12], "texture": "#3"},
				"west": {"uv": [10.5, 6, 11, 7.5], "texture": "#3"},
				"up": {"uv": [12, 0.5, 11.5, 0], "texture": "#3"},
				"down": {"uv": [1, 11.5, 0.5, 12], "texture": "#3"}
			}
		},
		{
			"from": [6, 20, 10.5],
			"to": [8, 25, 11.5],
			"rotation": {"angle": 22.5, "axis": "x", "origin": [7, 21, 10]},
			"faces": {
				"north": {"uv": [8.5, 8, 9.5, 10.5], "texture": "#3"},
				"east": {"uv": [3.5, 9, 4, 11.5], "texture": "#3"},
				"south": {"uv": [0, 9, 1, 11.5], "texture": "#3"},
				"west": {"uv": [4, 9, 4.5, 11.5], "texture": "#3"},
				"up": {"uv": [12, 7.5, 11, 7], "texture": "#3"},
				"down": {"uv": [12, 7.5, 11, 8], "texture": "#3"}
			}
		},
		{
			"from": [4, 20, 10.5],
			"to": [5, 23, 11.5],
			"rotation": {"angle": 22.5, "axis": "x", "origin": [5, 21, 10]},
			"faces": {
				"north": {"uv": [6.5, 10.5, 7, 12], "texture": "#3"},
				"east": {"uv": [7, 10.5, 7.5, 12], "texture": "#3"},
				"south": {"uv": [7.5, 10.5, 8, 12], "texture": "#3"},
				"west": {"uv": [10.5, 7.5, 11, 9], "texture": "#3"},
				"up": {"uv": [12, 1, 11.5, 0.5], "texture": "#3"},
				"down": {"uv": [1.5, 11.5, 1, 12], "texture": "#3"}
			}
		},
		{
			"from": [9, 20, 10.5],
			"to": [10, 23, 11.5],
			"rotation": {"angle": 22.5, "axis": "x", "origin": [10, 21, 10]},
			"faces": {
				"north": {"uv": [8, 10.5, 8.5, 12], "texture": "#3"},
				"east": {"uv": [8.5, 10.5, 9, 12], "texture": "#3"},
				"south": {"uv": [9, 10.5, 9.5, 12], "texture": "#3"},
				"west": {"uv": [10.5, 9, 11, 10.5], "texture": "#3"},
				"up": {"uv": [12, 1.5, 11.5, 1], "texture": "#3"},
				"down": {"uv": [2, 11.5, 1.5, 12], "texture": "#3"}
			}
		},
		{
			"from": [4, 20, 2.5],
			"to": [5, 23, 3.5],
			"rotation": {"angle": -22.5, "axis": "x", "origin": [5, 21, 2]},
			"faces": {
				"north": {"uv": [10, 10.5, 10.5, 12], "texture": "#3"},
				"east": {"uv": [10.5, 10.5, 11, 12], "texture": "#3"},
				"south": {"uv": [11, 0, 11.5, 1.5], "texture": "#3"},
				"west": {"uv": [11, 1.5, 11.5, 3], "texture": "#3"},
				"up": {"uv": [12, 2, 11.5, 1.5], "texture": "#3"},
				"down": {"uv": [2.5, 11.5, 2, 12], "texture": "#3"}
			}
		},
		{
			"from": [6, 20, 2.5],
			"to": [8, 25, 3.5],
			"rotation": {"angle": -22.5, "axis": "x", "origin": [7, 21, 2]},
			"faces": {
				"north": {"uv": [9, 0, 10, 2.5], "texture": "#3"},
				"east": {"uv": [9, 5, 9.5, 7.5], "texture": "#3"},
				"south": {"uv": [1, 9, 2, 11.5], "texture": "#3"},
				"west": {"uv": [9.5, 2.5, 10, 5], "texture": "#3"},
				"up": {"uv": [12, 8.5, 11, 8], "texture": "#3"},
				"down": {"uv": [12, 8.5, 11, 9], "texture": "#3"}
			}
		}
	],
	"display": {
		"thirdperson_righthand": {
			"translation": [0.75, 6.5, 1.75],
			"scale": [0.69, 0.69, 0.69]
		},
		"thirdperson_lefthand": {
			"translation": [-0.75, 6.5, 1.75],
			"scale": [0.69, 0.69, 0.69]
		},
		"ground": {
			"rotation": [71, 0, 0]
		},
		"gui": {
			"rotation": [0, 0, -39],
			"scale": [0.5, 0.5, 0.5]
		}
	},
	"groups": [
		{
			"name": "crystal",
			"origin": [0, 0, 0],
			"color": 0,
			"children": [0, 1, 2, 3, 4, 5]
		},
		6,
		7,
		8,
		9,
		{
			"name": "spikes",
			"origin": [7, 26, 2],
			"color": 0,
			"children": [10, 11, 12, 13, 14, 15, 16, 17, 18, 19, 20, 21]
		}
	]
}