{
	"credit": "Made with Blockbench",
	"parent": "custom:item/vapor_trident_in_hand",
	"display": {
		"thirdperson_righthand": {
			"rotation": [6, 83, -180],
			"translation": [-0.5, 6, 2]
		},
		"thirdperson_lefthand": {
			"rotation": [6, 83, -180],
			"translation": [-0.5, 5, 2]
		},
		"firstperson_righthand": {
			"rotation": [0, 90, 0],
			"translation": [0.75, -10, 1.25]
		},
		"firstperson_lefthand": {
			"rotation": [0, 90, 0],
			"translation": [0.75, -10, 1.25]
		}
	}
}