{
	"credit": "Made with Blockbench",
	"texture_size": [64, 64],
	"textures": {
		"saber_blade_texture": "custom:item/vapor/saber/red_blade",
		"1": "custom:item/vapor/saber/hilt",
		"particle": "custom:item/vapor/saber/hilt"
	},
	"elements": [
		{
			"name": "center",
			"from": [8.25, 0, 7.25],
			"to": [8.75, 28, 7.75],
			"rotation": {"angle": 0, "axis": "y", "origin": [8.5, 0, 7.5]},
			"light_emission":15,
			"faces": {
				"north": {"uv": [4, 0, 4.5, 14], "texture": "#saber_blade_texture"},
				"east": {"uv": [4.5, 0, 5, 14], "texture": "#saber_blade_texture"},
				"south": {"uv": [5, 0, 5.5, 14], "texture": "#saber_blade_texture"},
				"west": {"uv": [5.5, 0, 6, 14], "texture": "#saber_blade_texture"},
				"up": {"uv": [6.5, 0.5, 6, 0], "texture": "#saber_blade_texture"},
				"down": {"uv": [6.5, 0.5, 6, 1], "texture": "#saber_blade_texture"}
			}
		},
		{
			"name": "sideL",
			"from": [8.5, 0, 6.5],
			"to": [8.5, 28.625, 8.5],
			"rotation": {"angle": 45, "axis": "y", "origin": [8.5, 0, 7.5]},
			"light_emission":10,
			"faces": {
				"north": {"uv": [0.5, 0.5, 0.5, 7.5], "texture": "#saber_blade_texture"},
				"east": {"uv": [0, 0.5, 0.5, 7.5], "texture": "#saber_blade_texture"},
				"south": {"uv": [1, 0.5, 1, 7.5], "texture": "#saber_blade_texture"},
				"west": {"uv": [0.5, 0.5, 1, 7.5], "texture": "#saber_blade_texture"},
				"up": {"uv": [0.5, 0.5, 0.5, 0], "texture": "#saber_blade_texture"},
				"down": {"uv": [0.5, 0, 0.5, 0.5], "texture": "#saber_blade_texture"}
			}
		},
		{
			"name": "sideR",
			"from": [8.5, 0, 6.5],
			"to": [8.5, 28.625, 8.5],
			"rotation": {"angle": -45, "axis": "y", "origin": [8.5, 0, 7.5]},
			"light_emission":10,
			"faces": {
				"north": {"uv": [0, 0, 0, 14.5], "texture": "#saber_blade_texture"},
				"east": {"uv": [2, 0, 3, 14.5], "texture": "#saber_blade_texture"},
				"south": {"uv": [0, 0, 0, 14.5], "texture": "#saber_blade_texture"},
				"west": {"uv": [3, 0, 4, 14.5], "texture": "#saber_blade_texture"},
				"up": {"uv": [0, 1, 0, 0], "texture": "#saber_blade_texture"},
				"down": {"uv": [0, 0, 0, 1], "texture": "#saber_blade_texture"}
			}
		},
		{
			"name": "crystal",
			"from": [8, -3, 7],
			"to": [9, -2, 8],
			"rotation": {"angle": 0, "axis": "x", "origin": [8.5, -2.5, 7.5]},
			"light_emission":15,
			"faces": {
				"north": {"uv": [7, 1, 7.5, 1.5], "rotation": 180, "texture": "#saber_blade_texture"},
				"east": {"uv": [6, 1.5, 6.5, 2], "rotation": 90, "texture": "#saber_blade_texture"},
				"south": {"uv": [7.5, 1.5, 8, 2], "texture": "#saber_blade_texture"},
				"west": {"uv": [7.5, 1, 8, 1.5], "rotation": 270, "texture": "#saber_blade_texture"},
				"up": {"uv": [7, 1.5, 7.5, 2], "texture": "#saber_blade_texture"},
				"down": {"uv": [6.5, 1.5, 7, 2], "rotation": 180, "texture": "#saber_blade_texture"}
			}
		},
		{
			"from": [8.25, -3.225, 8.375],
			"to": [8.75, -1.475, 8.75],
			"rotation": {"angle": -22.5, "axis": "y", "origin": [8.5, -2.875, 7.5]},
			"faces": {
				"north": {"uv": [7.5, 8, 7.625, 8.4375], "texture": "#1"},
				"east": {"uv": [8, 7.5, 8.125, 7.9375], "texture": "#1"},
				"south": {"uv": [7.75, 8, 7.875, 8.4375], "texture": "#1"},
				"west": {"uv": [8, 8, 8.125, 8.4375], "texture": "#1"},
				"up": {"uv": [9.875, 2.625, 9.75, 2.5], "texture": "#1"},
				"down": {"uv": [9.875, 2.75, 9.75, 2.875], "texture": "#1", "cullface": "down"}
			}
		},
		{
			"from": [7.25, -3.225, 7.375],
			"to": [7.75, -1.475, 7.75],
			"rotation": {"angle": 22.5, "axis": "y", "origin": [8.5, -2.875, 7.5]},
			"faces": {
				"north": {"uv": [0, 8.25, 0.125, 8.6875], "texture": "#1"},
				"east": {"uv": [8.25, 0, 8.375, 0.4375], "texture": "#1"},
				"south": {"uv": [0.25, 8.25, 0.375, 8.6875], "texture": "#1"},
				"west": {"uv": [0.5, 8.25, 0.625, 8.6875], "texture": "#1"},
				"up": {"uv": [3.125, 9.875, 3, 9.75], "texture": "#1"},
				"down": {"uv": [9.875, 3, 9.75, 3.125], "texture": "#1", "cullface": "down"}
			}
		},
		{
			"from": [9.375, -3.225, 7.25],
			"to": [9.75, -1.475, 7.75],
			"rotation": {"angle": -22.5, "axis": "y", "origin": [8.5, -2.875, 7.5]},
			"faces": {
				"north": {"uv": [8.25, 0.5, 8.375, 0.9375], "texture": "#1"},
				"east": {"uv": [0.75, 8.25, 0.875, 8.6875], "texture": "#1"},
				"south": {"uv": [1, 8.25, 1.125, 8.6875], "texture": "#1"},
				"west": {"uv": [8.25, 1, 8.375, 1.4375], "texture": "#1"},
				"up": {"uv": [3.375, 9.875, 3.25, 9.75], "texture": "#1"},
				"down": {"uv": [9.875, 3.25, 9.75, 3.375], "texture": "#1", "cullface": "down"}
			}
		},
		{
			"from": [8.375, -3.225, 8.25],
			"to": [8.75, -1.475, 8.75],
			"rotation": {"angle": 22.5, "axis": "y", "origin": [8.5, -2.875, 7.5]},
			"faces": {
				"north": {"uv": [1.25, 8.25, 1.375, 8.6875], "texture": "#1"},
				"east": {"uv": [1.5, 8.25, 1.625, 8.6875], "texture": "#1"},
				"south": {"uv": [8.25, 1.5, 8.375, 1.9375], "texture": "#1"},
				"west": {"uv": [1.75, 8.25, 1.875, 8.6875], "texture": "#1"},
				"up": {"uv": [3.625, 9.875, 3.5, 9.75], "texture": "#1"},
				"down": {"uv": [9.875, 3.5, 9.75, 3.625], "texture": "#1", "cullface": "down"}
			}
		},
		{
			"from": [8.25, -3.225, 6.375],
			"to": [8.75, -1.475, 6.75],
			"rotation": {"angle": -22.5, "axis": "y", "origin": [8.5, -2.875, 7.5]},
			"faces": {
				"north": {"uv": [8.25, 2, 8.375, 2.4375], "texture": "#1"},
				"east": {"uv": [8.25, 2.5, 8.375, 2.9375], "texture": "#1"},
				"south": {"uv": [8.25, 3, 8.375, 3.4375], "texture": "#1"},
				"west": {"uv": [8.25, 3.5, 8.375, 3.9375], "texture": "#1"},
				"up": {"uv": [3.875, 9.875, 3.75, 9.75], "texture": "#1"},
				"down": {"uv": [9.875, 3.75, 9.75, 3.875], "texture": "#1", "cullface": "down"}
			}
		},
		{
			"from": [9.25, -3.225, 7.375],
			"to": [9.75, -1.475, 7.75],
			"rotation": {"angle": 22.5, "axis": "y", "origin": [8.5, -2.875, 7.5]},
			"faces": {
				"north": {"uv": [8.25, 4, 8.375, 4.4375], "texture": "#1"},
				"east": {"uv": [4.25, 8.25, 4.375, 8.6875], "texture": "#1"},
				"south": {"uv": [4.5, 8.25, 4.625, 8.6875], "texture": "#1"},
				"west": {"uv": [8.25, 4.5, 8.375, 4.9375], "texture": "#1"},
				"up": {"uv": [4.125, 9.875, 4, 9.75], "texture": "#1"},
				"down": {"uv": [9.875, 4, 9.75, 4.125], "texture": "#1", "cullface": "down"}
			}
		},
		{
			"from": [7.375, -3.225, 7.25],
			"to": [7.75, -1.475, 7.75],
			"rotation": {"angle": -22.5, "axis": "y", "origin": [8.5, -2.875, 7.5]},
			"faces": {
				"north": {"uv": [4.75, 8.25, 4.875, 8.6875], "texture": "#1"},
				"east": {"uv": [5, 8.25, 5.125, 8.6875], "texture": "#1"},
				"south": {"uv": [8.25, 5, 8.375, 5.4375], "texture": "#1"},
				"west": {"uv": [5.25, 8.25, 5.375, 8.6875], "texture": "#1"},
				"up": {"uv": [4.375, 9.875, 4.25, 9.75], "texture": "#1"},
				"down": {"uv": [9.875, 4.25, 9.75, 4.375], "texture": "#1", "cullface": "down"}
			}
		},
		{
			"from": [8.375, -3.225, 6.25],
			"to": [8.75, -1.475, 6.75],
			"rotation": {"angle": 22.5, "axis": "y", "origin": [8.5, -2.875, 7.5]},
			"faces": {
				"north": {"uv": [8.25, 5.5, 8.375, 5.9375], "texture": "#1"},
				"east": {"uv": [8.25, 6, 8.375, 6.4375], "texture": "#1"},
				"south": {"uv": [6.5, 8.25, 6.625, 8.6875], "texture": "#1"},
				"west": {"uv": [8.25, 6.5, 8.375, 6.9375], "texture": "#1"},
				"up": {"uv": [4.625, 9.875, 4.5, 9.75], "texture": "#1"},
				"down": {"uv": [9.875, 4.5, 9.75, 4.625], "texture": "#1", "cullface": "down"}
			}
		},
		{
			"name": "angle",
			"from": [5, -8.625, 5.75],
			"to": [5.375, -7, 6.125],
			"rotation": {"angle": -22.5, "axis": "z", "origin": [5.5, -14.75, 7.625]},
			"faces": {
				"north": {"uv": [6.75, 8.25, 6.875, 8.6875], "texture": "#1"},
				"east": {"uv": [7, 8.25, 7.125, 8.6875], "texture": "#1"},
				"south": {"uv": [8.25, 7, 8.375, 7.4375], "texture": "#1"},
				"west": {"uv": [8.25, 7.5, 8.375, 7.9375], "texture": "#1"},
				"up": {"uv": [4.875, 9.875, 4.75, 9.75], "texture": "#1"},
				"down": {"uv": [9.875, 4.75, 9.75, 4.875], "texture": "#1", "cullface": "down"}
			}
		},
		{
			"from": [7.99, -9.125, 5.625],
			"to": [9.01, -7.25, 6.375],
			"rotation": {"angle": 0, "axis": "y", "origin": [8.5, -15, 7.5]},
			"faces": {
				"north": {"uv": [6.5, 1.5, 6.75, 2], "texture": "#1"},
				"east": {"uv": [1.5, 7.75, 1.6875, 8.25], "texture": "#1"},
				"south": {"uv": [1.75, 6.5, 2, 7], "texture": "#1"},
				"west": {"uv": [1.75, 7.75, 1.9375, 8.25], "texture": "#1"},
				"up": {"uv": [8.75, 0.6875, 8.5, 0.5], "texture": "#1"},
				"down": {"uv": [8.75, 0.75, 8.5, 0.9375], "texture": "#1", "cullface": "down"}
			}
		},
		{
			"name": "side_strip",
			"from": [9.75, -9.75, 7.365],
			"to": [10, -6.875, 7.635],
			"rotation": {"angle": -45, "axis": "y", "origin": [8.5, -15, 7.5]},
			"faces": {
				"north": {"uv": [8.5, 1, 8.5625, 1.75], "texture": "#1"},
				"east": {"uv": [8.5, 1.75, 8.5625, 2.5], "texture": "#1"},
				"south": {"uv": [8.5, 2.5, 8.5625, 3.25], "texture": "#1"},
				"west": {"uv": [8.5, 3.25, 8.5625, 4], "texture": "#1"},
				"up": {"uv": [6.0625, 10.0625, 6, 10], "texture": "#1"},
				"down": {"uv": [10.0625, 6, 10, 6.0625], "texture": "#1", "cullface": "down"}
			}
		},
		{
			"name": "container",
			"from": [6.75, -6.625, 6.865],
			"to": [7.375, -3.75, 8.135],
			"rotation": {"angle": 0, "axis": "y", "origin": [8.5, -15, 7.5]},
			"faces": {
				"north": {"uv": [1.25, 6, 1.4375, 6.75], "texture": "#1"},
				"east": {"uv": [0, 6, 0.3125, 6.75], "texture": "#1"},
				"south": {"uv": [1.5, 6, 1.6875, 6.75], "texture": "#1"},
				"west": {"uv": [6, 0, 6.3125, 0.75], "texture": "#1"},
				"up": {"uv": [8.1875, 7.3125, 8, 7], "texture": "#1"},
				"down": {"uv": [7.4375, 8, 7.25, 8.3125], "texture": "#1", "cullface": "down"}
			}
		},
		{
			"name": "button",
			"from": [6.625, -5.325, 6.99],
			"to": [6.75, -4.325, 8.01],
			"rotation": {"angle": 0, "axis": "y", "origin": [8.5, -15, 7.5]},
			"faces": {
				"north": {"uv": [5, 9.75, 5.0625, 10], "texture": "#1"},
				"east": {"uv": [6.25, 2.75, 6.5, 3], "texture": "#1"},
				"south": {"uv": [9.75, 5, 9.8125, 5.25], "texture": "#1"},
				"west": {"uv": [1.75, 7, 2, 7.25], "texture": "#1"},
				"up": {"uv": [5.3125, 10, 5.25, 9.75], "texture": "#1"},
				"down": {"uv": [9.8125, 5.25, 9.75, 5.5], "texture": "#1", "cullface": "down"}
			}
		},
		{
			"name": "base",
			"from": [6.625, -13.625, 7.125],
			"to": [7.125, -12.625, 7.875],
			"rotation": {"angle": 45, "axis": "y", "origin": [8.5, -15, 7.5]},
			"faces": {
				"north": {"uv": [7.25, 9.25, 7.375, 9.5], "texture": "#1"},
				"east": {"uv": [8.5, 4, 8.6875, 4.25], "texture": "#1"},
				"south": {"uv": [7.5, 9.25, 7.625, 9.5], "texture": "#1"},
				"west": {"uv": [8.5, 4.25, 8.6875, 4.5], "texture": "#1"},
				"up": {"uv": [7.875, 9.4375, 7.75, 9.25], "texture": "#1"},
				"down": {"uv": [8.125, 9.25, 8, 9.4375], "texture": "#1", "cullface": "down"}
			}
		},
		{
			"name": "clip",
			"from": [6.5, -13.5, 7.25],
			"to": [7, -12.75, 7.75],
			"rotation": {"angle": 45, "axis": "y", "origin": [8.5, -15, 7.5]},
			"faces": {
				"north": {"uv": [9.25, 8, 9.375, 8.1875], "texture": "#1"},
				"east": {"uv": [8.25, 9.25, 8.375, 9.4375], "texture": "#1"},
				"south": {"uv": [9.25, 8.25, 9.375, 8.4375], "texture": "#1"},
				"west": {"uv": [8.5, 9.25, 8.625, 9.4375], "texture": "#1"},
				"up": {"uv": [5.625, 9.875, 5.5, 9.75], "texture": "#1"},
				"down": {"uv": [9.875, 5.5, 9.75, 5.625], "texture": "#1", "cullface": "down"}
			}
		},
		{
			"from": [7.25, 0.275, 7.25],
			"to": [9.75, 0.524, 7.75],
			"rotation": {"angle": -45, "axis": "y", "origin": [8.5, 0.625, 7.5]},
			"faces": {
				"north": {"uv": [8.25, 8, 9.125, 8.0625], "texture": "#1"},
				"east": {"uv": [9, 9.5, 9.375, 9.5625], "texture": "#1"},
				"south": {"uv": [8.25, 8.25, 9.125, 8.3125], "texture": "#1"},
				"west": {"uv": [9.5, 9, 9.875, 9.0625], "texture": "#1"},
				"up": {"uv": [4.875, 0.375, 4, 0], "texture": "#1"},
				"down": {"uv": [4.875, 0.5, 4, 0.875], "texture": "#1"}
			}
		},
		{
			"from": [8.25, 0.275, 8.25],
			"to": [8.75, 0.524, 8.75],
			"rotation": {"angle": -45, "axis": "y", "origin": [8.5, 0.625, 7.5]},
			"faces": {
				"north": {"uv": [9.5, 9.25, 9.875, 9.3125], "texture": "#1"},
				"east": {"uv": [9.5, 9.5, 9.875, 9.5625], "texture": "#1"},
				"south": {"uv": [0, 9.75, 0.375, 9.8125], "texture": "#1"},
				"west": {"uv": [9.75, 0, 10.125, 0.0625], "texture": "#1"},
				"up": {"uv": [5.875, 4.875, 5.5, 4.5], "texture": "#1"},
				"down": {"uv": [6.375, 1.5, 6, 1.875], "texture": "#1"}
			}
		},
		{
			"from": [8.25, 0.275, 6.25],
			"to": [8.75, 0.524, 6.75],
			"rotation": {"angle": -45, "axis": "y", "origin": [8.5, 0.625, 7.5]},
			"faces": {
				"north": {"uv": [9.75, 0.25, 10.125, 0.3125], "texture": "#1"},
				"east": {"uv": [0.5, 9.75, 0.875, 9.8125], "texture": "#1"},
				"south": {"uv": [9.75, 0.5, 10.125, 0.5625], "texture": "#1"},
				"west": {"uv": [9.75, 0.75, 10.125, 0.8125], "texture": "#1"},
				"up": {"uv": [2.125, 6.375, 1.75, 6], "texture": "#1"},
				"down": {"uv": [2.625, 6, 2.25, 6.375], "texture": "#1"}
			}
		},
		{
			"from": [8.25, 0.2749, 6.25],
			"to": [8.75, 0.5259, 8.75],
			"rotation": {"angle": 0, "axis": "y", "origin": [8.5, 0.625, 7.5]},
			"faces": {
				"north": {"uv": [1, 9.75, 1.375, 9.8125], "texture": "#1"},
				"east": {"uv": [8.5, 0, 9.375, 0.0625], "texture": "#1"},
				"south": {"uv": [9.75, 1, 10.125, 1.0625], "texture": "#1"},
				"west": {"uv": [8.5, 0.25, 9.375, 0.3125], "texture": "#1"},
				"up": {"uv": [4.375, 1.875, 4, 1], "texture": "#1"},
				"down": {"uv": [4.375, 2, 4, 2.875], "texture": "#1"}
			}
		},
		{
			"from": [7.25, 0.2751, 7.25],
			"to": [7.75, 0.5251, 7.75],
			"rotation": {"angle": 0, "axis": "y", "origin": [8.5, 0.625, 7.5]},
			"faces": {
				"north": {"uv": [9.75, 1.25, 10.125, 1.3125], "texture": "#1"},
				"east": {"uv": [1.5, 9.75, 1.875, 9.8125], "texture": "#1"},
				"south": {"uv": [9.75, 1.5, 10.125, 1.5625], "texture": "#1"},
				"west": {"uv": [9.75, 1.75, 10.125, 1.8125], "texture": "#1"},
				"up": {"uv": [3.125, 6.375, 2.75, 6], "texture": "#1"},
				"down": {"uv": [6.375, 3, 6, 3.375], "texture": "#1"}
			}
		},
		{
			"from": [9.25, 0.2751, 7.25],
			"to": [9.75, 0.5251, 7.75],
			"rotation": {"angle": 0, "axis": "y", "origin": [8.5, 0.625, 7.5]},
			"faces": {
				"north": {"uv": [2, 9.75, 2.375, 9.8125], "texture": "#1"},
				"east": {"uv": [9.75, 2, 10.125, 2.0625], "texture": "#1"},
				"south": {"uv": [9.75, 2.25, 10.125, 2.3125], "texture": "#1"},
				"west": {"uv": [2.5, 9.75, 2.875, 9.8125], "texture": "#1"},
				"up": {"uv": [3.625, 6.375, 3.25, 6], "texture": "#1"},
				"down": {"uv": [6.375, 3.5, 6, 3.875], "texture": "#1"}
			}
		},
		{
			"from": [6.75, 0.025, 6.75],
			"to": [10.25, 0.274, 8.25],
			"rotation": {"angle": -45, "axis": "y", "origin": [8.5, 0.375, 7.5]},
			"faces": {
				"north": {"uv": [8.25, 8, 9.125, 8.0625], "texture": "#1"},
				"east": {"uv": [9, 9.5, 9.375, 9.5625], "texture": "#1"},
				"south": {"uv": [8.25, 8.25, 9.125, 8.3125], "texture": "#1"},
				"west": {"uv": [9.5, 9, 9.875, 9.0625], "texture": "#1"},
				"up": {"uv": [4.875, 0.375, 4, 0], "texture": "#1"},
				"down": {"uv": [4.875, 0.5, 4, 0.875], "texture": "#1"}
			}
		},
		{
			"from": [7.75, 0.025, 7.75],
			"to": [9.25, 0.274, 9.25],
			"rotation": {"angle": -45, "axis": "y", "origin": [8.5, 0.375, 7.5]},
			"faces": {
				"north": {"uv": [9.5, 9.25, 9.875, 9.3125], "texture": "#1"},
				"east": {"uv": [9.5, 9.5, 9.875, 9.5625], "texture": "#1"},
				"south": {"uv": [0, 9.75, 0.375, 9.8125], "texture": "#1"},
				"west": {"uv": [9.75, 0, 10.125, 0.0625], "texture": "#1"},
				"up": {"uv": [5.875, 4.875, 5.5, 4.5], "texture": "#1"},
				"down": {"uv": [6.375, 1.5, 6, 1.875], "texture": "#1"}
			}
		},
		{
			"from": [7.75, 0.025, 5.75],
			"to": [9.25, 0.274, 7.25],
			"rotation": {"angle": -45, "axis": "y", "origin": [8.5, 0.375, 7.5]},
			"faces": {
				"north": {"uv": [9.75, 0.25, 10.125, 0.3125], "texture": "#1"},
				"east": {"uv": [0.5, 9.75, 0.875, 9.8125], "texture": "#1"},
				"south": {"uv": [9.75, 0.5, 10.125, 0.5625], "texture": "#1"},
				"west": {"uv": [9.75, 0.75, 10.125, 0.8125], "texture": "#1"},
				"up": {"uv": [2.125, 6.375, 1.75, 6], "texture": "#1"},
				"down": {"uv": [2.625, 6, 2.25, 6.375], "texture": "#1"}
			}
		},
		{
			"from": [7.75, 0.0249, 5.75],
			"to": [9.25, 0.2759, 9.25],
			"rotation": {"angle": 0, "axis": "y", "origin": [8.5, 0.375, 7.5]},
			"faces": {
				"north": {"uv": [1, 9.75, 1.375, 9.8125], "texture": "#1"},
				"east": {"uv": [8.5, 0, 9.375, 0.0625], "texture": "#1"},
				"south": {"uv": [9.75, 1, 10.125, 1.0625], "texture": "#1"},
				"west": {"uv": [8.5, 0.25, 9.375, 0.3125], "texture": "#1"},
				"up": {"uv": [4.375, 1.875, 4, 1], "texture": "#1"},
				"down": {"uv": [4.375, 2, 4, 2.875], "texture": "#1"}
			}
		},
		{
			"from": [6.75, 0.0251, 6.75],
			"to": [8.25, 0.2751, 8.25],
			"rotation": {"angle": 0, "axis": "y", "origin": [8.5, 0.375, 7.5]},
			"faces": {
				"north": {"uv": [9.75, 1.25, 10.125, 1.3125], "texture": "#1"},
				"east": {"uv": [1.5, 9.75, 1.875, 9.8125], "texture": "#1"},
				"south": {"uv": [9.75, 1.5, 10.125, 1.5625], "texture": "#1"},
				"west": {"uv": [9.75, 1.75, 10.125, 1.8125], "texture": "#1"},
				"up": {"uv": [3.125, 6.375, 2.75, 6], "texture": "#1"},
				"down": {"uv": [6.375, 3, 6, 3.375], "texture": "#1"}
			}
		},
		{
			"from": [8.75, 0.0251, 6.75],
			"to": [10.25, 0.2751, 8.25],
			"rotation": {"angle": 0, "axis": "y", "origin": [8.5, 0.375, 7.5]},
			"faces": {
				"north": {"uv": [2, 9.75, 2.375, 9.8125], "texture": "#1"},
				"east": {"uv": [9.75, 2, 10.125, 2.0625], "texture": "#1"},
				"south": {"uv": [9.75, 2.25, 10.125, 2.3125], "texture": "#1"},
				"west": {"uv": [2.5, 9.75, 2.875, 9.8125], "texture": "#1"},
				"up": {"uv": [3.625, 6.375, 3.25, 6], "texture": "#1"},
				"down": {"uv": [6.375, 3.5, 6, 3.875], "texture": "#1"}
			}
		},
		{
			"from": [6.875, -0.475, 6.875],
			"to": [10.125, 0.025, 8.125],
			"rotation": {"angle": -45, "axis": "y", "origin": [8.5, -0.125, 7.5]},
			"faces": {
				"north": {"uv": [6.75, 1, 7.5625, 1.125], "texture": "#1"},
				"east": {"uv": [8.75, 1.5, 9.0625, 1.625], "texture": "#1"},
				"south": {"uv": [7, 1.25, 7.8125, 1.375], "texture": "#1"},
				"west": {"uv": [8.75, 1.75, 9.0625, 1.875], "texture": "#1"},
				"up": {"uv": [5.3125, 4.3125, 4.5, 4], "texture": "#1"},
				"down": {"uv": [5.3125, 4.5, 4.5, 4.8125], "texture": "#1", "cullface": "down"}
			}
		},
		{
			"from": [7.875, -0.475, 7.875],
			"to": [9.125, 0.025, 9.125],
			"rotation": {"angle": -45, "axis": "y", "origin": [8.5, -0.125, 7.5]},
			"faces": {
				"north": {"uv": [8.75, 2, 9.0625, 2.125], "texture": "#1"},
				"east": {"uv": [8.75, 2.25, 9.0625, 2.375], "texture": "#1"},
				"south": {"uv": [8.75, 2.5, 9.0625, 2.625], "texture": "#1"},
				"west": {"uv": [8.75, 2.75, 9.0625, 2.875], "texture": "#1"},
				"up": {"uv": [7.3125, 5.3125, 7, 5], "texture": "#1"},
				"down": {"uv": [6.8125, 7, 6.5, 7.3125], "texture": "#1", "cullface": "down"}
			}
		},
		{
			"from": [7.875, -0.475, 5.875],
			"to": [9.125, 0.025, 7.125],
			"rotation": {"angle": -45, "axis": "y", "origin": [8.5, -0.125, 7.5]},
			"faces": {
				"north": {"uv": [8.75, 3, 9.0625, 3.125], "texture": "#1"},
				"east": {"uv": [8.75, 3.25, 9.0625, 3.375], "texture": "#1"},
				"south": {"uv": [8.75, 3.5, 9.0625, 3.625], "texture": "#1"},
				"west": {"uv": [8.75, 3.75, 9.0625, 3.875], "texture": "#1"},
				"up": {"uv": [7.3125, 6.8125, 7, 6.5], "texture": "#1"},
				"down": {"uv": [7.3125, 7, 7, 7.3125], "texture": "#1", "cullface": "down"}
			}
		},
		{
			"from": [7.875, -0.475, 5.875],
			"to": [9.125, 0.025, 9.125],
			"rotation": {"angle": 0, "axis": "y", "origin": [8.5, -0.125, 7.5]},
			"faces": {
				"north": {"uv": [8.75, 4, 9.0625, 4.125], "texture": "#1"},
				"east": {"uv": [7, 1.5, 7.8125, 1.625], "texture": "#1"},
				"south": {"uv": [4.25, 8.75, 4.5625, 8.875], "texture": "#1"},
				"west": {"uv": [7, 1.75, 7.8125, 1.875], "texture": "#1"},
				"up": {"uv": [5.3125, 0.8125, 5, 0], "texture": "#1"},
				"down": {"uv": [5.3125, 1, 5, 1.8125], "texture": "#1", "cullface": "down"}
			}
		},
		{
			"from": [6.875, -0.475, 6.875],
			"to": [8.125, 0.025, 8.125],
			"rotation": {"angle": 0, "axis": "y", "origin": [8.5, -0.125, 7.5]},
			"faces": {
				"north": {"uv": [8.75, 4.25, 9.0625, 4.375], "texture": "#1"},
				"east": {"uv": [4.75, 8.75, 5.0625, 8.875], "texture": "#1"},
				"south": {"uv": [5.25, 8.75, 5.5625, 8.875], "texture": "#1"},
				"west": {"uv": [5.75, 8.75, 6.0625, 8.875], "texture": "#1"},
				"up": {"uv": [0.3125, 7.5625, 0, 7.25], "texture": "#1"},
				"down": {"uv": [7.5625, 0, 7.25, 0.3125], "texture": "#1", "cullface": "down"}
			}
		},
		{
			"from": [8.875, -0.475, 6.875],
			"to": [10.125, 0.025, 8.125],
			"rotation": {"angle": 0, "axis": "y", "origin": [8.5, -0.125, 7.5]},
			"faces": {
				"north": {"uv": [6.25, 8.75, 6.5625, 8.875], "texture": "#1"},
				"east": {"uv": [6.75, 8.75, 7.0625, 8.875], "texture": "#1"},
				"south": {"uv": [7.25, 8.75, 7.5625, 8.875], "texture": "#1"},
				"west": {"uv": [7.75, 8.75, 8.0625, 8.875], "texture": "#1"},
				"up": {"uv": [0.8125, 7.5625, 0.5, 7.25], "texture": "#1"},
				"down": {"uv": [7.5625, 0.5, 7.25, 0.8125], "texture": "#1", "cullface": "down"}
			}
		},
		{
			"from": [6.875, -1.475, 6.875],
			"to": [10.125, -0.975, 8.125],
			"rotation": {"angle": -45, "axis": "y", "origin": [8.5, -1.125, 7.5]},
			"faces": {
				"north": {"uv": [7, 2, 7.8125, 2.125], "texture": "#1"},
				"east": {"uv": [8.25, 8.75, 8.5625, 8.875], "texture": "#1"},
				"south": {"uv": [7, 2.25, 7.8125, 2.375], "texture": "#1"},
				"west": {"uv": [8.75, 8.5, 9.0625, 8.625], "texture": "#1"},
				"up": {"uv": [5.8125, 3.3125, 5, 3], "texture": "#1"},
				"down": {"uv": [5.8125, 3.5, 5, 3.8125], "texture": "#1", "cullface": "down"}
			}
		},
		{
			"from": [7.875, -1.475, 7.875],
			"to": [9.125, -0.975, 9.125],
			"rotation": {"angle": -45, "axis": "y", "origin": [8.5, -1.125, 7.5]},
			"faces": {
				"north": {"uv": [8.75, 8.75, 9.0625, 8.875], "texture": "#1"},
				"east": {"uv": [0, 9, 0.3125, 9.125], "texture": "#1"},
				"south": {"uv": [0.5, 9, 0.8125, 9.125], "texture": "#1"},
				"west": {"uv": [1, 9, 1.3125, 9.125], "texture": "#1"},
				"up": {"uv": [1.3125, 7.5625, 1, 7.25], "texture": "#1"},
				"down": {"uv": [1.8125, 7.25, 1.5, 7.5625], "texture": "#1", "cullface": "down"}
			}
		},
		{
			"from": [7.875, -1.475, 5.875],
			"to": [9.125, -0.975, 7.125],
			"rotation": {"angle": -45, "axis": "y", "origin": [8.5, -1.125, 7.5]},
			"faces": {
				"north": {"uv": [1.5, 9, 1.8125, 9.125], "texture": "#1"},
				"east": {"uv": [2, 9, 2.3125, 9.125], "texture": "#1"},
				"south": {"uv": [2.5, 9, 2.8125, 9.125], "texture": "#1"},
				"west": {"uv": [3, 9, 3.3125, 9.125], "texture": "#1"},
				"up": {"uv": [5.8125, 7.5625, 5.5, 7.25], "texture": "#1"},
				"down": {"uv": [6.3125, 7.25, 6, 7.5625], "texture": "#1", "cullface": "down"}
			}
		},
		{
			"from": [7.875, -1.475, 5.875],
			"to": [9.125, -0.975, 9.125],
			"rotation": {"angle": 0, "axis": "y", "origin": [8.5, -1.125, 7.5]},
			"faces": {
				"north": {"uv": [3.5, 9, 3.8125, 9.125], "texture": "#1"},
				"east": {"uv": [7, 2.5, 7.8125, 2.625], "texture": "#1"},
				"south": {"uv": [4, 9, 4.3125, 9.125], "texture": "#1"},
				"west": {"uv": [7, 2.75, 7.8125, 2.875], "texture": "#1"},
				"up": {"uv": [4.3125, 5.8125, 4, 5], "texture": "#1"},
				"down": {"uv": [4.8125, 5, 4.5, 5.8125], "texture": "#1", "cullface": "down"}
			}
		},
		{
			"from": [6.875, -1.475, 6.875],
			"to": [8.125, -0.975, 8.125],
			"rotation": {"angle": 0, "axis": "y", "origin": [8.5, -1.125, 7.5]},
			"faces": {
				"north": {"uv": [4.5, 9, 4.8125, 9.125], "texture": "#1"},
				"east": {"uv": [9, 4.5, 9.3125, 4.625], "texture": "#1"},
				"south": {"uv": [9, 4.75, 9.3125, 4.875], "texture": "#1"},
				"west": {"uv": [5, 9, 5.3125, 9.125], "texture": "#1"},
				"up": {"uv": [2.3125, 7.8125, 2, 7.5], "texture": "#1"},
				"down": {"uv": [2.8125, 7.5, 2.5, 7.8125], "texture": "#1", "cullface": "down"}
			}
		},
		{
			"from": [8.875, -1.475, 6.875],
			"to": [10.125, -0.975, 8.125],
			"rotation": {"angle": 0, "axis": "y", "origin": [8.5, -1.125, 7.5]},
			"faces": {
				"north": {"uv": [9, 5, 9.3125, 5.125], "texture": "#1"},
				"east": {"uv": [9, 5.25, 9.3125, 5.375], "texture": "#1"},
				"south": {"uv": [5.5, 9, 5.8125, 9.125], "texture": "#1"},
				"west": {"uv": [9, 5.5, 9.3125, 5.625], "texture": "#1"},
				"up": {"uv": [3.3125, 7.8125, 3, 7.5], "texture": "#1"},
				"down": {"uv": [3.8125, 7.5, 3.5, 7.8125], "texture": "#1", "cullface": "down"}
			}
		},
		{
			"from": [6.875, -2.725, 6.875],
			"to": [10.125, -2.225, 8.125],
			"rotation": {"angle": -22.5, "axis": "y", "origin": [8.5, -2.375, 7.5]},
			"faces": {
				"north": {"uv": [7, 3, 7.8125, 3.125], "texture": "#1"},
				"east": {"uv": [9, 5.75, 9.3125, 5.875], "texture": "#1"},
				"south": {"uv": [7, 3.25, 7.8125, 3.375], "texture": "#1"},
				"west": {"uv": [6, 9, 6.3125, 9.125], "texture": "#1"},
				"up": {"uv": [5.8125, 5.3125, 5, 5], "texture": "#1"},
				"down": {"uv": [6.0625, 2, 5.25, 2.3125], "texture": "#1", "cullface": "down"}
			}
		},
		{
			"from": [7.875, -2.725, 7.875],
			"to": [9.125, -2.225, 9.125],
			"rotation": {"angle": -22.5, "axis": "y", "origin": [8.5, -2.375, 7.5]},
			"faces": {
				"north": {"uv": [9, 6, 9.3125, 6.125], "texture": "#1"},
				"east": {"uv": [9, 6.25, 9.3125, 6.375], "texture": "#1"},
				"south": {"uv": [6.5, 9, 6.8125, 9.125], "texture": "#1"},
				"west": {"uv": [9, 6.5, 9.3125, 6.625], "texture": "#1"},
				"up": {"uv": [4.3125, 7.8125, 4, 7.5], "texture": "#1"},
				"down": {"uv": [4.8125, 7.5, 4.5, 7.8125], "texture": "#1", "cullface": "down"}
			}
		},
		{
			"from": [7.875, -2.725, 5.875],
			"to": [9.125, -2.225, 7.125],
			"rotation": {"angle": -22.5, "axis": "y", "origin": [8.5, -2.375, 7.5]},
			"faces": {
				"north": {"uv": [9, 6.75, 9.3125, 6.875], "texture": "#1"},
				"east": {"uv": [7, 9, 7.3125, 9.125], "texture": "#1"},
				"south": {"uv": [9, 7, 9.3125, 7.125], "texture": "#1"},
				"west": {"uv": [9, 7.25, 9.3125, 7.375], "texture": "#1"},
				"up": {"uv": [5.3125, 7.8125, 5, 7.5], "texture": "#1"},
				"down": {"uv": [7.8125, 5, 7.5, 5.3125], "texture": "#1", "cullface": "down"}
			}
		},
		{
			"from": [7.875, -2.7251, 5.875],
			"to": [9.125, -2.2251, 9.125],
			"rotation": {"angle": 22.5, "axis": "y", "origin": [8.5, -2.375, 7.5]},
			"faces": {
				"north": {"uv": [7.5, 9, 7.8125, 9.125], "texture": "#1"},
				"east": {"uv": [7, 3.5, 7.8125, 3.625], "texture": "#1"},
				"south": {"uv": [9, 7.5, 9.3125, 7.625], "texture": "#1"},
				"west": {"uv": [7, 3.75, 7.8125, 3.875], "texture": "#1"},
				"up": {"uv": [5.8125, 0.8125, 5.5, 0], "texture": "#1"},
				"down": {"uv": [5.8125, 1, 5.5, 1.8125], "texture": "#1", "cullface": "down"}
			}
		},
		{
			"from": [6.875, -2.7251, 6.875],
			"to": [8.125, -2.2251, 8.125],
			"rotation": {"angle": 22.5, "axis": "y", "origin": [8.5, -2.375, 7.5]},
			"faces": {
				"north": {"uv": [9, 7.75, 9.3125, 7.875], "texture": "#1"},
				"east": {"uv": [8, 9, 8.3125, 9.125], "texture": "#1"},
				"south": {"uv": [8.5, 9, 8.8125, 9.125], "texture": "#1"},
				"west": {"uv": [9, 9, 9.3125, 9.125], "texture": "#1"},
				"up": {"uv": [7.8125, 5.8125, 7.5, 5.5], "texture": "#1"},
				"down": {"uv": [7.8125, 6, 7.5, 6.3125], "texture": "#1", "cullface": "down"}
			}
		},
		{
			"from": [8.875, -2.7251, 6.875],
			"to": [10.125, -2.2251, 8.125],
			"rotation": {"angle": 22.5, "axis": "y", "origin": [8.5, -2.375, 7.5]},
			"faces": {
				"north": {"uv": [0, 9.25, 0.3125, 9.375], "texture": "#1"},
				"east": {"uv": [0.5, 9.25, 0.8125, 9.375], "texture": "#1"},
				"south": {"uv": [9.25, 0.5, 9.5625, 0.625], "texture": "#1"},
				"west": {"uv": [1, 9.25, 1.3125, 9.375], "texture": "#1"},
				"up": {"uv": [6.8125, 7.8125, 6.5, 7.5], "texture": "#1"},
				"down": {"uv": [7.8125, 6.5, 7.5, 6.8125], "texture": "#1", "cullface": "down"}
			}
		},
		{
			"from": [6.875, -3.975, 6.875],
			"to": [10.125, -3.475, 8.125],
			"rotation": {"angle": -45, "axis": "y", "origin": [8.5, -3.625, 7.5]},
			"faces": {
				"north": {"uv": [7, 2, 7.8125, 2.125], "texture": "#1"},
				"east": {"uv": [8.25, 8.75, 8.5625, 8.875], "texture": "#1"},
				"south": {"uv": [7, 2.25, 7.8125, 2.375], "texture": "#1"},
				"west": {"uv": [8.75, 8.5, 9.0625, 8.625], "texture": "#1"},
				"up": {"uv": [5.8125, 3.3125, 5, 3], "texture": "#1"},
				"down": {"uv": [5.8125, 3.5, 5, 3.8125], "texture": "#1", "cullface": "down"}
			}
		},
		{
			"from": [7.875, -3.975, 7.875],
			"to": [9.125, -3.475, 9.125],
			"rotation": {"angle": -45, "axis": "y", "origin": [8.5, -3.625, 7.5]},
			"faces": {
				"north": {"uv": [8.75, 8.75, 9.0625, 8.875], "texture": "#1"},
				"east": {"uv": [0, 9, 0.3125, 9.125], "texture": "#1"},
				"south": {"uv": [0.5, 9, 0.8125, 9.125], "texture": "#1"},
				"west": {"uv": [1, 9, 1.3125, 9.125], "texture": "#1"},
				"up": {"uv": [1.3125, 7.5625, 1, 7.25], "texture": "#1"},
				"down": {"uv": [1.8125, 7.25, 1.5, 7.5625], "texture": "#1", "cullface": "down"}
			}
		},
		{
			"from": [7.875, -3.975, 5.875],
			"to": [9.125, -3.475, 7.125],
			"rotation": {"angle": -45, "axis": "y", "origin": [8.5, -3.625, 7.5]},
			"faces": {
				"north": {"uv": [1.5, 9, 1.8125, 9.125], "texture": "#1"},
				"east": {"uv": [2, 9, 2.3125, 9.125], "texture": "#1"},
				"south": {"uv": [2.5, 9, 2.8125, 9.125], "texture": "#1"},
				"west": {"uv": [3, 9, 3.3125, 9.125], "texture": "#1"},
				"up": {"uv": [5.8125, 7.5625, 5.5, 7.25], "texture": "#1"},
				"down": {"uv": [6.3125, 7.25, 6, 7.5625], "texture": "#1", "cullface": "down"}
			}
		},
		{
			"from": [7.875, -3.975, 5.875],
			"to": [9.125, -3.475, 9.125],
			"rotation": {"angle": 0, "axis": "y", "origin": [8.5, -3.625, 7.5]},
			"faces": {
				"north": {"uv": [3.5, 9, 3.8125, 9.125], "texture": "#1"},
				"east": {"uv": [7, 2.5, 7.8125, 2.625], "texture": "#1"},
				"south": {"uv": [4, 9, 4.3125, 9.125], "texture": "#1"},
				"west": {"uv": [7, 2.75, 7.8125, 2.875], "texture": "#1"},
				"up": {"uv": [4.3125, 5.8125, 4, 5], "texture": "#1"},
				"down": {"uv": [4.8125, 5, 4.5, 5.8125], "texture": "#1", "cullface": "down"}
			}
		},
		{
			"from": [6.875, -3.975, 6.875],
			"to": [8.125, -3.475, 8.125],
			"rotation": {"angle": 0, "axis": "y", "origin": [8.5, -3.625, 7.5]},
			"faces": {
				"north": {"uv": [4.5, 9, 4.8125, 9.125], "texture": "#1"},
				"east": {"uv": [9, 4.5, 9.3125, 4.625], "texture": "#1"},
				"south": {"uv": [9, 4.75, 9.3125, 4.875], "texture": "#1"},
				"west": {"uv": [5, 9, 5.3125, 9.125], "texture": "#1"},
				"up": {"uv": [2.3125, 7.8125, 2, 7.5], "texture": "#1"},
				"down": {"uv": [2.8125, 7.5, 2.5, 7.8125], "texture": "#1", "cullface": "down"}
			}
		},
		{
			"from": [8.875, -3.975, 6.875],
			"to": [10.125, -3.475, 8.125],
			"rotation": {"angle": 0, "axis": "y", "origin": [8.5, -3.625, 7.5]},
			"faces": {
				"north": {"uv": [9, 5, 9.3125, 5.125], "texture": "#1"},
				"east": {"uv": [9, 5.25, 9.3125, 5.375], "texture": "#1"},
				"south": {"uv": [5.5, 9, 5.8125, 9.125], "texture": "#1"},
				"west": {"uv": [9, 5.5, 9.3125, 5.625], "texture": "#1"},
				"up": {"uv": [3.3125, 7.8125, 3, 7.5], "texture": "#1"},
				"down": {"uv": [3.8125, 7.5, 3.5, 7.8125], "texture": "#1", "cullface": "down"}
			}
		},
		{
			"from": [6.875, -6.975, 6.875],
			"to": [10.125, -6.475, 8.125],
			"rotation": {"angle": -45, "axis": "y", "origin": [8.5, -6.625, 7.5]},
			"faces": {
				"north": {"uv": [7, 2, 7.8125, 2.125], "texture": "#1"},
				"east": {"uv": [8.25, 8.75, 8.5625, 8.875], "texture": "#1"},
				"south": {"uv": [7, 2.25, 7.8125, 2.375], "texture": "#1"},
				"west": {"uv": [8.75, 8.5, 9.0625, 8.625], "texture": "#1"},
				"up": {"uv": [5.8125, 3.3125, 5, 3], "texture": "#1"},
				"down": {"uv": [5.8125, 3.5, 5, 3.8125], "texture": "#1", "cullface": "down"}
			}
		},
		{
			"from": [7.875, -6.975, 7.875],
			"to": [9.125, -6.475, 9.125],
			"rotation": {"angle": -45, "axis": "y", "origin": [8.5, -6.625, 7.5]},
			"faces": {
				"north": {"uv": [8.75, 8.75, 9.0625, 8.875], "texture": "#1"},
				"east": {"uv": [0, 9, 0.3125, 9.125], "texture": "#1"},
				"south": {"uv": [0.5, 9, 0.8125, 9.125], "texture": "#1"},
				"west": {"uv": [1, 9, 1.3125, 9.125], "texture": "#1"},
				"up": {"uv": [1.3125, 7.5625, 1, 7.25], "texture": "#1"},
				"down": {"uv": [1.8125, 7.25, 1.5, 7.5625], "texture": "#1", "cullface": "down"}
			}
		},
		{
			"from": [7.875, -6.975, 5.875],
			"to": [9.125, -6.475, 7.125],
			"rotation": {"angle": -45, "axis": "y", "origin": [8.5, -6.625, 7.5]},
			"faces": {
				"north": {"uv": [1.5, 9, 1.8125, 9.125], "texture": "#1"},
				"east": {"uv": [2, 9, 2.3125, 9.125], "texture": "#1"},
				"south": {"uv": [2.5, 9, 2.8125, 9.125], "texture": "#1"},
				"west": {"uv": [3, 9, 3.3125, 9.125], "texture": "#1"},
				"up": {"uv": [5.8125, 7.5625, 5.5, 7.25], "texture": "#1"},
				"down": {"uv": [6.3125, 7.25, 6, 7.5625], "texture": "#1", "cullface": "down"}
			}
		},
		{
			"from": [7.875, -6.975, 5.875],
			"to": [9.125, -6.475, 9.125],
			"rotation": {"angle": 0, "axis": "y", "origin": [8.5, -6.625, 7.5]},
			"faces": {
				"north": {"uv": [3.5, 9, 3.8125, 9.125], "texture": "#1"},
				"east": {"uv": [7, 2.5, 7.8125, 2.625], "texture": "#1"},
				"south": {"uv": [4, 9, 4.3125, 9.125], "texture": "#1"},
				"west": {"uv": [7, 2.75, 7.8125, 2.875], "texture": "#1"},
				"up": {"uv": [4.3125, 5.8125, 4, 5], "texture": "#1"},
				"down": {"uv": [4.8125, 5, 4.5, 5.8125], "texture": "#1", "cullface": "down"}
			}
		},
		{
			"from": [6.875, -6.975, 6.875],
			"to": [8.125, -6.475, 8.125],
			"rotation": {"angle": 0, "axis": "y", "origin": [8.5, -6.625, 7.5]},
			"faces": {
				"north": {"uv": [4.5, 9, 4.8125, 9.125], "texture": "#1"},
				"east": {"uv": [9, 4.5, 9.3125, 4.625], "texture": "#1"},
				"south": {"uv": [9, 4.75, 9.3125, 4.875], "texture": "#1"},
				"west": {"uv": [5, 9, 5.3125, 9.125], "texture": "#1"},
				"up": {"uv": [2.3125, 7.8125, 2, 7.5], "texture": "#1"},
				"down": {"uv": [2.8125, 7.5, 2.5, 7.8125], "texture": "#1", "cullface": "down"}
			}
		},
		{
			"from": [8.875, -6.975, 6.875],
			"to": [10.125, -6.475, 8.125],
			"rotation": {"angle": 0, "axis": "y", "origin": [8.5, -6.625, 7.5]},
			"faces": {
				"north": {"uv": [9, 5, 9.3125, 5.125], "texture": "#1"},
				"east": {"uv": [9, 5.25, 9.3125, 5.375], "texture": "#1"},
				"south": {"uv": [5.5, 9, 5.8125, 9.125], "texture": "#1"},
				"west": {"uv": [9, 5.5, 9.3125, 5.625], "texture": "#1"},
				"up": {"uv": [3.3125, 7.8125, 3, 7.5], "texture": "#1"},
				"down": {"uv": [3.8125, 7.5, 3.5, 7.8125], "texture": "#1", "cullface": "down"}
			}
		},
		{
			"from": [7.875, -10.1, 5.875],
			"to": [9.125, -9.6, 9.125],
			"rotation": {"angle": 22.5, "axis": "y", "origin": [8.5, -9.75, 7.5]},
			"faces": {
				"north": {"uv": [8.75, 8.5, 9.0625, 8.625], "texture": "#1"},
				"east": {"uv": [7, 2, 7.8125, 2.125], "texture": "#1"},
				"south": {"uv": [8.25, 8.75, 8.5625, 8.875], "texture": "#1"},
				"west": {"uv": [7, 2.25, 7.8125, 2.375], "texture": "#1"},
				"up": {"uv": [5.8125, 3.3125, 5, 3], "rotation": 90, "texture": "#1"},
				"down": {"uv": [5.8125, 3.5, 5, 3.8125], "rotation": 270, "texture": "#1", "cullface": "down"}
			}
		},
		{
			"from": [6.875, -10.1, 6.875],
			"to": [8.125, -9.6, 8.125],
			"rotation": {"angle": 22.5, "axis": "y", "origin": [8.5, -9.75, 7.5]},
			"faces": {
				"north": {"uv": [1, 9, 1.3125, 9.125], "texture": "#1"},
				"east": {"uv": [8.75, 8.75, 9.0625, 8.875], "texture": "#1"},
				"south": {"uv": [0, 9, 0.3125, 9.125], "texture": "#1"},
				"west": {"uv": [0.5, 9, 0.8125, 9.125], "texture": "#1"},
				"up": {"uv": [1.3125, 7.5625, 1, 7.25], "rotation": 90, "texture": "#1"},
				"down": {"uv": [1.8125, 7.25, 1.5, 7.5625], "rotation": 270, "texture": "#1", "cullface": "down"}
			}
		},
		{
			"from": [8.875, -10.1, 6.875],
			"to": [10.125, -9.6, 8.125],
			"rotation": {"angle": 22.5, "axis": "y", "origin": [8.5, -9.75, 7.5]},
			"faces": {
				"north": {"uv": [3, 9, 3.3125, 9.125], "texture": "#1"},
				"east": {"uv": [1.5, 9, 1.8125, 9.125], "texture": "#1"},
				"south": {"uv": [2, 9, 2.3125, 9.125], "texture": "#1"},
				"west": {"uv": [2.5, 9, 2.8125, 9.125], "texture": "#1"},
				"up": {"uv": [5.8125, 7.5625, 5.5, 7.25], "rotation": 90, "texture": "#1"},
				"down": {"uv": [6.3125, 7.25, 6, 7.5625], "rotation": 270, "texture": "#1", "cullface": "down"}
			}
		},
		{
			"from": [7.875, -10.1, 5.875],
			"to": [9.125, -9.6, 9.125],
			"rotation": {"angle": -22.5, "axis": "y", "origin": [8.5, -9.75, 7.5]},
			"faces": {
				"north": {"uv": [3.5, 9, 3.8125, 9.125], "texture": "#1"},
				"east": {"uv": [7, 2.5, 7.8125, 2.625], "texture": "#1"},
				"south": {"uv": [4, 9, 4.3125, 9.125], "texture": "#1"},
				"west": {"uv": [7, 2.75, 7.8125, 2.875], "texture": "#1"},
				"up": {"uv": [4.3125, 5.8125, 4, 5], "texture": "#1"},
				"down": {"uv": [4.8125, 5, 4.5, 5.8125], "texture": "#1", "cullface": "down"}
			}
		},
		{
			"from": [6.875, -10.1, 6.875],
			"to": [8.125, -9.6, 8.125],
			"rotation": {"angle": -22.5, "axis": "y", "origin": [8.5, -9.75, 7.5]},
			"faces": {
				"north": {"uv": [4.5, 9, 4.8125, 9.125], "texture": "#1"},
				"east": {"uv": [9, 4.5, 9.3125, 4.625], "texture": "#1"},
				"south": {"uv": [9, 4.75, 9.3125, 4.875], "texture": "#1"},
				"west": {"uv": [5, 9, 5.3125, 9.125], "texture": "#1"},
				"up": {"uv": [2.3125, 7.8125, 2, 7.5], "texture": "#1"},
				"down": {"uv": [2.8125, 7.5, 2.5, 7.8125], "texture": "#1", "cullface": "down"}
			}
		},
		{
			"from": [8.875, -10.1, 6.875],
			"to": [10.125, -9.6, 8.125],
			"rotation": {"angle": -22.5, "axis": "y", "origin": [8.5, -9.75, 7.5]},
			"faces": {
				"north": {"uv": [9, 5, 9.3125, 5.125], "texture": "#1"},
				"east": {"uv": [9, 5.25, 9.3125, 5.375], "texture": "#1"},
				"south": {"uv": [5.5, 9, 5.8125, 9.125], "texture": "#1"},
				"west": {"uv": [9, 5.5, 9.3125, 5.625], "texture": "#1"},
				"up": {"uv": [3.3125, 7.8125, 3, 7.5], "texture": "#1"},
				"down": {"uv": [3.8125, 7.5, 3.5, 7.8125], "texture": "#1", "cullface": "down"}
			}
		},
		{
			"from": [6.75, -14.851, 6.75],
			"to": [10.25, -14.351, 8.25],
			"rotation": {"angle": -22.5, "axis": "y", "origin": [8.5, -14.5, 7.5]},
			"faces": {
				"north": {"uv": [5.5, 6.5, 6.375, 6.625], "texture": "#1"},
				"east": {"uv": [8.5, 4.5, 8.875, 4.625], "texture": "#1"},
				"south": {"uv": [6.5, 5.75, 7.375, 5.875], "texture": "#1"},
				"west": {"uv": [8.5, 4.75, 8.875, 4.875], "texture": "#1"},
				"up": {"uv": [4.875, 3.375, 4, 3], "texture": "#1"},
				"down": {"uv": [4.875, 3.5, 4, 3.875], "texture": "#1", "cullface": "down"}
			}
		},
		{
			"from": [7.75, -14.851, 7.75],
			"to": [9.25, -14.351, 9.25],
			"rotation": {"angle": -22.5, "axis": "y", "origin": [8.5, -14.5, 7.5]},
			"faces": {
				"north": {"uv": [8.5, 5, 8.875, 5.125], "texture": "#1"},
				"east": {"uv": [8.5, 5.25, 8.875, 5.375], "texture": "#1"},
				"south": {"uv": [8.5, 5.5, 8.875, 5.625], "texture": "#1"},
				"west": {"uv": [8.5, 5.75, 8.875, 5.875], "texture": "#1"},
				"up": {"uv": [4.125, 6.375, 3.75, 6], "texture": "#1"},
				"down": {"uv": [4.625, 6, 4.25, 6.375], "texture": "#1", "cullface": "down"}
			}
		},
		{
			"from": [7.75, -14.851, 5.75],
			"to": [9.25, -14.351, 7.25],
			"rotation": {"angle": -22.5, "axis": "y", "origin": [8.5, -14.5, 7.5]},
			"faces": {
				"north": {"uv": [8.5, 6, 8.875, 6.125], "texture": "#1"},
				"east": {"uv": [8.5, 6.25, 8.875, 6.375], "texture": "#1"},
				"south": {"uv": [8.5, 6.5, 8.875, 6.625], "texture": "#1"},
				"west": {"uv": [8.5, 6.75, 8.875, 6.875], "texture": "#1"},
				"up": {"uv": [6.375, 4.875, 6, 4.5], "texture": "#1"},
				"down": {"uv": [6.375, 5, 6, 5.375], "texture": "#1", "cullface": "down"}
			}
		},
		{
			"from": [7.75, -14.85, 5.75],
			"to": [9.25, -14.35, 9.25],
			"rotation": {"angle": 22.5, "axis": "y", "origin": [8.5, -14.5, 7.5]},
			"faces": {
				"north": {"uv": [8.5, 7, 8.875, 7.125], "texture": "#1"},
				"east": {"uv": [6.5, 6, 7.375, 6.125], "texture": "#1"},
				"south": {"uv": [7.25, 8.5, 7.625, 8.625], "texture": "#1"},
				"west": {"uv": [6.5, 6.25, 7.375, 6.375], "texture": "#1"},
				"up": {"uv": [4.375, 4.875, 4, 4], "texture": "#1"},
				"down": {"uv": [4.875, 1, 4.5, 1.875], "texture": "#1", "cullface": "down"}
			}
		},
		{
			"from": [6.75, -14.85, 6.75],
			"to": [8.25, -14.35, 8.25],
			"rotation": {"angle": 22.5, "axis": "y", "origin": [8.5, -14.5, 7.5]},
			"faces": {
				"north": {"uv": [8.5, 7.25, 8.875, 7.375], "texture": "#1"},
				"east": {"uv": [8.5, 7.5, 8.875, 7.625], "texture": "#1"},
				"south": {"uv": [7.75, 8.5, 8.125, 8.625], "texture": "#1"},
				"west": {"uv": [8.5, 7.75, 8.875, 7.875], "texture": "#1"},
				"up": {"uv": [6.375, 5.875, 6, 5.5], "texture": "#1"},
				"down": {"uv": [6.375, 6, 6, 6.375], "texture": "#1", "cullface": "down"}
			}
		},
		{
			"from": [8.75, -14.85, 6.75],
			"to": [10.25, -14.35, 8.25],
			"rotation": {"angle": 22.5, "axis": "y", "origin": [8.5, -14.5, 7.5]},
			"faces": {
				"north": {"uv": [8.25, 8.5, 8.625, 8.625], "texture": "#1"},
				"east": {"uv": [0, 8.75, 0.375, 8.875], "texture": "#1"},
				"south": {"uv": [0.5, 8.75, 0.875, 8.875], "texture": "#1"},
				"west": {"uv": [8.75, 0.5, 9.125, 0.625], "texture": "#1"},
				"up": {"uv": [6.625, 1.125, 6.25, 0.75], "texture": "#1"},
				"down": {"uv": [6.625, 2, 6.25, 2.375], "texture": "#1", "cullface": "down"}
			}
		},
		{
			"from": [8.25, -14.25, 5.875],
			"to": [8.75, -10.25, 6.125],
			"rotation": {"angle": -45, "axis": "y", "origin": [8.5, -15.25, 7.5]},
			"faces": {
				"north": {"uv": [2, 6.5, 2.125, 7.5], "texture": "#1"},
				"east": {"uv": [5.5, 7.75, 5.5625, 8.75], "texture": "#1"},
				"south": {"uv": [2.25, 6.5, 2.375, 7.5], "texture": "#1"},
				"west": {"uv": [5.75, 7.75, 5.8125, 8.75], "texture": "#1"},
				"up": {"uv": [4.125, 10.0625, 4, 10], "texture": "#1"},
				"down": {"uv": [10.125, 4, 10, 4.0625], "texture": "#1", "cullface": "down"}
			}
		},
		{
			"from": [8.25, -14.25, 5.875],
			"to": [8.75, -10.25, 6.125],
			"rotation": {"angle": 45, "axis": "y", "origin": [8.5, -15.25, 7.5]},
			"faces": {
				"north": {"uv": [2.5, 6.5, 2.625, 7.5], "texture": "#1"},
				"east": {"uv": [6, 7.75, 6.0625, 8.75], "texture": "#1"},
				"south": {"uv": [2.75, 6.5, 2.875, 7.5], "texture": "#1"},
				"west": {"uv": [6.25, 7.75, 6.3125, 8.75], "texture": "#1"},
				"up": {"uv": [4.375, 10.0625, 4.25, 10], "texture": "#1"},
				"down": {"uv": [10.125, 4.25, 10, 4.3125], "texture": "#1", "cullface": "down"}
			}
		},
		{
			"from": [6.875, -14.25, 7.25],
			"to": [7.125, -10.25, 7.75],
			"rotation": {"angle": 45, "axis": "y", "origin": [8.5, -15.25, 7.5]},
			"faces": {
				"north": {"uv": [8, 1, 8.0625, 2], "texture": "#1"},
				"east": {"uv": [6.5, 2.75, 6.625, 3.75], "texture": "#1"},
				"south": {"uv": [2, 8, 2.0625, 9], "texture": "#1"},
				"west": {"uv": [3, 6.5, 3.125, 7.5], "texture": "#1"},
				"up": {"uv": [4.5625, 10.125, 4.5, 10], "texture": "#1"},
				"down": {"uv": [10.0625, 4.5, 10, 4.625], "texture": "#1", "cullface": "down"}
			}
		},
		{
			"from": [8.25, -14.25, 8.875],
			"to": [8.75, -10.25, 9.125],
			"rotation": {"angle": 45, "axis": "y", "origin": [8.5, -15.25, 7.5]},
			"faces": {
				"north": {"uv": [3.25, 6.5, 3.375, 7.5], "texture": "#1"},
				"east": {"uv": [8, 2, 8.0625, 3], "texture": "#1"},
				"south": {"uv": [3.5, 6.5, 3.625, 7.5], "texture": "#1"},
				"west": {"uv": [2.25, 8, 2.3125, 9], "texture": "#1"},
				"up": {"uv": [4.875, 10.0625, 4.75, 10], "texture": "#1"},
				"down": {"uv": [10.125, 4.75, 10, 4.8125], "texture": "#1", "cullface": "down"}
			}
		},
		{
			"from": [10, -14.25, 7.25],
			"to": [10.25, -10.25, 7.75],
			"rotation": {"angle": 0, "axis": "y", "origin": [8.5, -15.25, 7.5]},
			"faces": {
				"north": {"uv": [2.5, 8, 2.5625, 9], "texture": "#1"},
				"east": {"uv": [3.75, 6.5, 3.875, 7.5], "texture": "#1"},
				"south": {"uv": [2.75, 8, 2.8125, 9], "texture": "#1"},
				"west": {"uv": [6.5, 3.75, 6.625, 4.75], "texture": "#1"},
				"up": {"uv": [5.0625, 10.125, 5, 10], "texture": "#1"},
				"down": {"uv": [10.0625, 5, 10, 5.125], "texture": "#1", "cullface": "down"}
			}
		},
		{
			"from": [8.25, -14.25, 9],
			"to": [8.75, -10.25, 9.25],
			"rotation": {"angle": 0, "axis": "y", "origin": [8.5, -15.25, 7.5]},
			"faces": {
				"north": {"uv": [4, 6.5, 4.125, 7.5], "texture": "#1"},
				"east": {"uv": [3, 8, 3.0625, 9], "texture": "#1"},
				"south": {"uv": [4.25, 6.5, 4.375, 7.5], "texture": "#1"},
				"west": {"uv": [8, 3, 8.0625, 4], "texture": "#1"},
				"up": {"uv": [5.375, 10.0625, 5.25, 10], "texture": "#1"},
				"down": {"uv": [10.125, 5.25, 10, 5.3125], "texture": "#1", "cullface": "down"}
			}
		},
		{
			"from": [6.75, -14.25, 7.25],
			"to": [7, -10.25, 7.75],
			"rotation": {"angle": 0, "axis": "y", "origin": [8.5, -15.25, 7.5]},
			"faces": {
				"north": {"uv": [3.25, 8, 3.3125, 9], "texture": "#1"},
				"east": {"uv": [4.5, 6.5, 4.625, 7.5], "texture": "#1"},
				"south": {"uv": [3.5, 8, 3.5625, 9], "texture": "#1"},
				"west": {"uv": [6.5, 4.75, 6.625, 5.75], "texture": "#1"},
				"up": {"uv": [5.5625, 10.125, 5.5, 10], "texture": "#1"},
				"down": {"uv": [10.0625, 5.5, 10, 5.625], "texture": "#1", "cullface": "down"}
			}
		},
		{
			"from": [8.25, -14.25, 5.75],
			"to": [8.75, -10.25, 6],
			"rotation": {"angle": 0, "axis": "y", "origin": [8.5, -15.25, 7.5]},
			"faces": {
				"north": {"uv": [5, 6.5, 5.125, 7.5], "texture": "#1"},
				"east": {"uv": [3.75, 8, 3.8125, 9], "texture": "#1"},
				"south": {"uv": [5.25, 6.5, 5.375, 7.5], "texture": "#1"},
				"west": {"uv": [4, 8, 4.0625, 9], "texture": "#1"},
				"up": {"uv": [5.875, 10.0625, 5.75, 10], "texture": "#1"},
				"down": {"uv": [10.125, 5.75, 10, 5.8125], "texture": "#1", "cullface": "down"}
			}
		},
		{
			"from": [7.25, -1.75, 7],
			"to": [8.25, 0, 8],
			"rotation": {"angle": 45, "axis": "y", "origin": [8.5, -1.25, 7.5]},
			"faces": {
				"north": {"uv": [6.5, 6.5, 6.75, 6.9375], "texture": "#1"},
				"east": {"uv": [0, 6.75, 0.25, 7.1875], "texture": "#1"},
				"south": {"uv": [6.75, 0, 7, 0.4375], "texture": "#1"},
				"west": {"uv": [0.25, 6.75, 0.5, 7.1875], "texture": "#1"},
				"up": {"uv": [7.25, 5.75, 7, 5.5], "texture": "#1"},
				"down": {"uv": [5, 7.25, 4.75, 7.5], "texture": "#1", "cullface": "down"}
			}
		},
		{
			"from": [8, -1.751, 6],
			"to": [9, -0.001, 9],
			"rotation": {"angle": 0, "axis": "y", "origin": [8.5, -1.25, 7.5]},
			"faces": {
				"north": {"uv": [0.5, 6.75, 0.75, 7.1875], "texture": "#1"},
				"east": {"uv": [4.5, 2, 5.25, 2.4375], "texture": "#1"},
				"south": {"uv": [6.75, 0.5, 7, 0.9375], "texture": "#1"},
				"west": {"uv": [4.5, 2.5, 5.25, 2.9375], "texture": "#1"},
				"up": {"uv": [0.75, 6.75, 0.5, 6], "texture": "#1"},
				"down": {"uv": [1, 6, 0.75, 6.75], "texture": "#1", "cullface": "down"}
			}
		},
		{
			"from": [7, -1.751, 7],
			"to": [8, -0.001, 8],
			"rotation": {"angle": 0, "axis": "y", "origin": [0, -1.75, 0]},
			"faces": {
				"north": {"uv": [0.75, 6.75, 1, 7.1875], "texture": "#1"},
				"east": {"uv": [1, 6.75, 1.25, 7.1875], "texture": "#1"},
				"south": {"uv": [1.25, 6.75, 1.5, 7.1875], "texture": "#1"},
				"west": {"uv": [1.5, 6.75, 1.75, 7.1875], "texture": "#1"},
				"up": {"uv": [7.5, 5.75, 7.25, 5.5], "texture": "#1"},
				"down": {"uv": [8, 1, 7.75, 1.25], "texture": "#1", "cullface": "down"}
			}
		},
		{
			"from": [9, -1.751, 7],
			"to": [10, -0.001, 8],
			"rotation": {"angle": 0, "axis": "y", "origin": [0, -1.75, 0]},
			"faces": {
				"north": {"uv": [6.75, 1.5, 7, 1.9375], "texture": "#1"},
				"east": {"uv": [6.75, 2, 7, 2.4375], "texture": "#1"},
				"south": {"uv": [6.75, 2.75, 7, 3.1875], "texture": "#1"},
				"west": {"uv": [6.75, 3.25, 7, 3.6875], "texture": "#1"},
				"up": {"uv": [8.25, 4.25, 8, 4], "texture": "#1"},
				"down": {"uv": [4.5, 8, 4.25, 8.25], "texture": "#1", "cullface": "down"}
			}
		},
		{
			"from": [8, -1.75, 6.25],
			"to": [9, 0, 7.25],
			"rotation": {"angle": 45, "axis": "y", "origin": [8.5, -1.25, 7.5]},
			"faces": {
				"north": {"uv": [6.75, 3.75, 7, 4.1875], "texture": "#1"},
				"east": {"uv": [6.75, 4.25, 7, 4.6875], "texture": "#1"},
				"south": {"uv": [4.75, 6.75, 5, 7.1875], "texture": "#1"},
				"west": {"uv": [6.75, 4.75, 7, 5.1875], "texture": "#1"},
				"up": {"uv": [8.25, 4.5, 8, 4.25], "texture": "#1"},
				"down": {"uv": [4.75, 8, 4.5, 8.25], "texture": "#1", "cullface": "down"}
			}
		},
		{
			"from": [8, -1.75, 7.75],
			"to": [9, 0, 8.75],
			"rotation": {"angle": 45, "axis": "y", "origin": [8.5, -1.25, 7.5]},
			"faces": {
				"north": {"uv": [6.75, 5.25, 7, 5.6875], "texture": "#1"},
				"east": {"uv": [5.5, 6.75, 5.75, 7.1875], "texture": "#1"},
				"south": {"uv": [5.75, 6.75, 6, 7.1875], "texture": "#1"},
				"west": {"uv": [6, 6.75, 6.25, 7.1875], "texture": "#1"},
				"up": {"uv": [8.25, 4.75, 8, 4.5], "texture": "#1"},
				"down": {"uv": [5, 8, 4.75, 8.25], "texture": "#1", "cullface": "down"}
			}
		},
		{
			"from": [8.75, -1.75, 7],
			"to": [9.75, 0, 8],
			"rotation": {"angle": 45, "axis": "y", "origin": [8.5, -1.25, 7.5]},
			"faces": {
				"north": {"uv": [6.25, 6.75, 6.5, 7.1875], "texture": "#1"},
				"east": {"uv": [6.75, 6.5, 7, 6.9375], "texture": "#1"},
				"south": {"uv": [7, 0, 7.25, 0.4375], "texture": "#1"},
				"west": {"uv": [7, 0.5, 7.25, 0.9375], "texture": "#1"},
				"up": {"uv": [8.25, 5, 8, 4.75], "texture": "#1"},
				"down": {"uv": [5.25, 8, 5, 8.25], "texture": "#1", "cullface": "down"}
			}
		},
		{
			"from": [7.125, -15.101, 7.125],
			"to": [9.875, -14.851, 7.875],
			"rotation": {"angle": -22.5, "axis": "y", "origin": [8.5, -15, 7.5]},
			"faces": {
				"north": {"uv": [8.75, 0.75, 9.4375, 0.8125], "texture": "#1"},
				"east": {"uv": [0.5, 10, 0.6875, 10.0625], "texture": "#1"},
				"south": {"uv": [1, 8.75, 1.6875, 8.8125], "texture": "#1"},
				"west": {"uv": [0.75, 10, 0.9375, 10.0625], "texture": "#1"},
				"up": {"uv": [6.9375, 1.4375, 6.25, 1.25], "texture": "#1"},
				"down": {"uv": [6.9375, 2.5, 6.25, 2.6875], "texture": "#1", "cullface": "down"}
			}
		},
		{
			"from": [8.125, -15.1, 8.125],
			"to": [8.875, -14.85, 8.875],
			"rotation": {"angle": -22.5, "axis": "y", "origin": [8.5, -15, 7.5]},
			"faces": {
				"north": {"uv": [1, 10, 1.1875, 10.0625], "texture": "#1"},
				"east": {"uv": [1.25, 10, 1.4375, 10.0625], "texture": "#1"},
				"south": {"uv": [1.5, 10, 1.6875, 10.0625], "texture": "#1"},
				"west": {"uv": [1.75, 10, 1.9375, 10.0625], "texture": "#1"},
				"up": {"uv": [1.9375, 8.9375, 1.75, 8.75], "texture": "#1"},
				"down": {"uv": [5.6875, 9.25, 5.5, 9.4375], "texture": "#1", "cullface": "down"}
			}
		},
		{
			"from": [8.125, -15.1, 6.125],
			"to": [8.875, -14.85, 6.875],
			"rotation": {"angle": -22.5, "axis": "y", "origin": [8.5, -15, 7.5]},
			"faces": {
				"north": {"uv": [2, 10, 2.1875, 10.0625], "texture": "#1"},
				"east": {"uv": [2.25, 10, 2.4375, 10.0625], "texture": "#1"},
				"south": {"uv": [2.5, 10, 2.6875, 10.0625], "texture": "#1"},
				"west": {"uv": [10, 2.5, 10.1875, 2.5625], "texture": "#1"},
				"up": {"uv": [5.9375, 9.4375, 5.75, 9.25], "texture": "#1"},
				"down": {"uv": [6.1875, 9.25, 6, 9.4375], "texture": "#1", "cullface": "down"}
			}
		},
		{
			"from": [8.125, -15.099, 6.125],
			"to": [8.875, -14.849, 8.875],
			"rotation": {"angle": 22.5, "axis": "y", "origin": [8.5, -15, 7.5]},
			"faces": {
				"north": {"uv": [2.75, 10, 2.9375, 10.0625], "texture": "#1"},
				"east": {"uv": [8.75, 1, 9.4375, 1.0625], "texture": "#1"},
				"south": {"uv": [10, 2.75, 10.1875, 2.8125], "texture": "#1"},
				"west": {"uv": [8.75, 1.25, 9.4375, 1.3125], "texture": "#1"},
				"up": {"uv": [4.9375, 6.6875, 4.75, 6], "texture": "#1"},
				"down": {"uv": [6.6875, 0, 6.5, 0.6875], "texture": "#1", "cullface": "down"}
			}
		},
		{
			"from": [7.125, -15.1, 7.125],
			"to": [7.875, -14.85, 7.875],
			"rotation": {"angle": 22.5, "axis": "y", "origin": [8.5, -15, 7.5]},
			"faces": {
				"north": {"uv": [3, 10, 3.1875, 10.0625], "texture": "#1"},
				"east": {"uv": [10, 3, 10.1875, 3.0625], "texture": "#1"},
				"south": {"uv": [3.25, 10, 3.4375, 10.0625], "texture": "#1"},
				"west": {"uv": [10, 3.25, 10.1875, 3.3125], "texture": "#1"},
				"up": {"uv": [6.4375, 9.4375, 6.25, 9.25], "texture": "#1"},
				"down": {"uv": [6.6875, 9.25, 6.5, 9.4375], "texture": "#1", "cullface": "down"}
			}
		},
		{
			"from": [9.125, -15.1, 7.125],
			"to": [9.875, -14.85, 7.875],
			"rotation": {"angle": 22.5, "axis": "y", "origin": [8.5, -15, 7.5]},
			"faces": {
				"north": {"uv": [3.5, 10, 3.6875, 10.0625], "texture": "#1"},
				"east": {"uv": [10, 3.5, 10.1875, 3.5625], "texture": "#1"},
				"south": {"uv": [3.75, 10, 3.9375, 10.0625], "texture": "#1"},
				"west": {"uv": [10, 3.75, 10.1875, 3.8125], "texture": "#1"},
				"up": {"uv": [6.9375, 9.4375, 6.75, 9.25], "texture": "#1"},
				"down": {"uv": [7.1875, 9.25, 7, 9.4375], "texture": "#1", "cullface": "down"}
			}
		},
		{
			"from": [7.25, -15, 7],
			"to": [8.25, -3.25, 8],
			"rotation": {"angle": 45, "axis": "y", "origin": [8.5, -14.5, 7.5]},
			"faces": {
				"north": {"uv": [1.5, 0, 1.75, 2.9375], "texture": "#1"},
				"east": {"uv": [1.75, 0, 2, 2.9375], "texture": "#1"},
				"south": {"uv": [2, 0, 2.25, 2.9375], "texture": "#1"},
				"west": {"uv": [2.25, 0, 2.5, 2.9375], "texture": "#1"},
				"up": {"uv": [8.25, 5.25, 8, 5], "texture": "#1"},
				"down": {"uv": [5.5, 8, 5.25, 8.25], "texture": "#1", "cullface": "down"}
			}
		},
		{
			"from": [8, -15.001, 6],
			"to": [9, -3.251, 9],
			"rotation": {"angle": 0, "axis": "y", "origin": [8.5, -14.5, 7.5]},
			"faces": {
				"north": {"uv": [2.5, 0, 2.75, 2.9375], "texture": "#1"},
				"east": {"uv": [0, 0, 0.75, 2.9375], "texture": "#1"},
				"south": {"uv": [2.75, 0, 3, 2.9375], "texture": "#1"},
				"west": {"uv": [0.75, 0, 1.5, 2.9375], "texture": "#1"},
				"up": {"uv": [6.25, 1.5, 6, 0.75], "texture": "#1"},
				"down": {"uv": [1.25, 6, 1, 6.75], "texture": "#1", "cullface": "down"}
			}
		},
		{
			"from": [7, -15.001, 7],
			"to": [8, -3.251, 8],
			"rotation": {"angle": 0, "axis": "y", "origin": [0, -15, 0]},
			"faces": {
				"north": {"uv": [0, 3, 0.25, 5.9375], "texture": "#1"},
				"east": {"uv": [3, 0, 3.25, 2.9375], "texture": "#1"},
				"south": {"uv": [0.25, 3, 0.5, 5.9375], "texture": "#1"},
				"west": {"uv": [0.5, 3, 0.75, 5.9375], "texture": "#1"},
				"up": {"uv": [8.25, 5.5, 8, 5.25], "texture": "#1"},
				"down": {"uv": [8.25, 5.5, 8, 5.75], "texture": "#1", "cullface": "down"}
			}
		},
		{
			"from": [9, -15.001, 7],
			"to": [10, -3.251, 8],
			"rotation": {"angle": 0, "axis": "y", "origin": [0, -15, 0]},
			"faces": {
				"north": {"uv": [0.75, 3, 1, 5.9375], "texture": "#1"},
				"east": {"uv": [1, 3, 1.25, 5.9375], "texture": "#1"},
				"south": {"uv": [1.25, 3, 1.5, 5.9375], "texture": "#1"},
				"west": {"uv": [1.5, 3, 1.75, 5.9375], "texture": "#1"},
				"up": {"uv": [8.25, 6, 8, 5.75], "texture": "#1"},
				"down": {"uv": [8.25, 6, 8, 6.25], "texture": "#1", "cullface": "down"}
			}
		},
		{
			"from": [8, -15, 6.25],
			"to": [9, -3.25, 7.25],
			"rotation": {"angle": 45, "axis": "y", "origin": [8.5, -14.5, 7.5]},
			"faces": {
				"north": {"uv": [1.75, 3, 2, 5.9375], "texture": "#1"},
				"east": {"uv": [2, 3, 2.25, 5.9375], "texture": "#1"},
				"south": {"uv": [2.25, 3, 2.5, 5.9375], "texture": "#1"},
				"west": {"uv": [2.5, 3, 2.75, 5.9375], "texture": "#1"},
				"up": {"uv": [8.25, 6.5, 8, 6.25], "texture": "#1"},
				"down": {"uv": [6.75, 8, 6.5, 8.25], "texture": "#1", "cullface": "down"}
			}
		},
		{
			"from": [8, -15, 7.75],
			"to": [9, -3.25, 8.75],
			"rotation": {"angle": 45, "axis": "y", "origin": [8.5, -14.5, 7.5]},
			"faces": {
				"north": {"uv": [2.75, 3, 3, 5.9375], "texture": "#1"},
				"east": {"uv": [3, 3, 3.25, 5.9375], "texture": "#1"},
				"south": {"uv": [3.25, 0, 3.5, 2.9375], "texture": "#1"},
				"west": {"uv": [3.25, 3, 3.5, 5.9375], "texture": "#1"},
				"up": {"uv": [8.25, 6.75, 8, 6.5], "texture": "#1"},
				"down": {"uv": [7, 8, 6.75, 8.25], "texture": "#1", "cullface": "down"}
			}
		},
		{
			"from": [8.75, -15, 7],
			"to": [9.75, -3.25, 8],
			"rotation": {"angle": 45, "axis": "y", "origin": [8.5, -14.5, 7.5]},
			"faces": {
				"north": {"uv": [3.5, 0, 3.75, 2.9375], "texture": "#1"},
				"east": {"uv": [3.5, 3, 3.75, 5.9375], "texture": "#1"},
				"south": {"uv": [3.75, 0, 4, 2.9375], "texture": "#1"},
				"west": {"uv": [3.75, 3, 4, 5.9375], "texture": "#1"},
				"up": {"uv": [8.25, 7, 8, 6.75], "texture": "#1"},
				"down": {"uv": [7.25, 8, 7, 8.25], "texture": "#1", "cullface": "down"}
			}
		}
	],
	"gui_light": "front",
	"display": {
		"thirdperson_righthand": {
			"rotation": [4, 12, 0],
			"translation": [0, 9.75, 1.5],
			"scale": [0.75, 0.75, 0.75]
		},
		"thirdperson_lefthand": {
			"rotation": [4, 12, 0],
			"translation": [0, 9.75, 1.5],
			"scale": [0.75, 0.75, 0.75]
		},
		"firstperson_righthand": {
			"rotation": [-5.5, 88, -0.5],
			"translation": [3.25, 10, -2],
			"scale": [0.55, 0.55, 0.55]
		},
		"firstperson_lefthand": {
			"rotation": [-8.5, -170, 0.5],
			"translation": [3.25, 10, -2],
			"scale": [0.55, 0.55, 0.55]
		},
		"ground": {
			"rotation": [25.5, 0, 0],
			"translation": [0, 12.5, 0],
			"scale": [0.8, 0.8, 0.8]
		},
		"gui": {
			"rotation": [-20, 142, 45],
			"translation": [9.75, 11.75, 0]
		},
		"fixed": {
			"rotation": [0, -45, 0],
			"translation": [0, 6, -1.75],
			"scale": [1.3, 1.3, 1.3]
		}
	},
	"groups": [
		{
			"name": "blade",
			"origin": [8.5, 0, 7.5],
			"color": 0,
			"children": [0, 1, 2]
		},
		3,
		{
			"name": "saber_body",
			"origin": [8, 8, 8],
			"color": 0,
			"children": [
				{
					"name": "crystal_holder",
					"origin": [8.5, 0.5, 7.5],
					"color": 0,
					"children": [4, 5, 6, 7, 8, 9, 10, 11]
				},
				{
					"name": "side_box",
					"origin": [8.5, -15, 7.5],
					"color": 0,
					"children": [12, 13]
				},
				14,
				{
					"name": "activator",
					"origin": [8.5, -15, 7.5],
					"color": 0,
					"children": [15, 16]
				},
				{
					"name": "belt_connect",
					"origin": [8.5, -15, 7.5],
					"color": 0,
					"children": [17, 18]
				},
				{
					"name": "blade_holder",
					"origin": [8.5, 0.5, 7.5],
					"color": 0,
					"children": [19, 20, 21, 22, 23, 24]
				},
				{
					"name": "base_cap",
					"origin": [8.5, 0.5, 7.5],
					"color": 0,
					"children": [25, 26, 27, 28, 29, 30]
				},
				{
					"name": "7th_ring",
					"origin": [8.5, 0.5, 7.5],
					"color": 0,
					"children": [31, 32, 33, 34, 35, 36]
				},
				{
					"name": "6th_ring",
					"origin": [8.5, 0.5, 7.5],
					"color": 0,
					"children": [37, 38, 39, 40, 41, 42]
				},
				{
					"name": "5th_ring",
					"origin": [8.5, 0.5, 7.5],
					"color": 0,
					"children": [43, 44, 45, 46, 47, 48]
				},
				{
					"name": "4th_ring",
					"origin": [8.5, 0.5, 7.5],
					"color": 0,
					"children": [49, 50, 51, 52, 53, 54]
				},
				{
					"name": "3rd_ring",
					"origin": [8.5, 0.5, 7.5],
					"color": 0,
					"children": [55, 56, 57, 58, 59, 60]
				},
				{
					"name": "2nd_ring",
					"origin": [8.5, 0.5, 7.5],
					"color": 0,
					"children": [61, 62, 63, 64, 65, 66]
				},
				{
					"name": "lower_ring",
					"origin": [8.5, 0.5, 7.5],
					"color": 0,
					"children": [67, 68, 69, 70, 71, 72]
				},
				{
					"name": "base_bottom_grip",
					"origin": [8.5, 0, 7.5],
					"color": 0,
					"children": [73, 74, 75, 76, 77, 78, 79, 80]
				},
				{
					"name": "top_base_handle",
					"origin": [8.5, 0.5, 7.5],
					"color": 0,
					"children": [81, 82, 83, 84, 85, 86, 87]
				},
				{
					"name": "base_bottom",
					"origin": [8.5, 0.5, 7.5],
					"color": 0,
					"children": [88, 89, 90, 91, 92, 93]
				},
				{
					"name": "base_handle",
					"origin": [8.5, 0.5, 7.5],
					"color": 0,
					"children": [94, 95, 96, 97, 98, 99, 100]
				}
			]
		}
	]
}