{
	"credit": "Made with Blockbench",
	"texture_size": [32, 32],
	"textures": {
		"0": "custom:item/vapor/sword",
		"particle": "custom:item/vapor/sword"
	},
	"elements": [
		{
			"from": [7, 0, 7],
			"to": [9, 1, 9],
			"rotation": {"angle": 0, "axis": "y", "origin": [7, 0, 7]},
			"faces": {
				"north": {"uv": [3.25, 9.75, 4.25, 10.25], "texture": "#0"},
				"east": {"uv": [3.5, 9, 4.5, 9.5], "texture": "#0"},
				"south": {"uv": [2.25, 9.75, 3.25, 10.25], "texture": "#0"},
				"west": {"uv": [2.25, 9, 3.25, 9.5], "texture": "#0"},
				"up": {"uv": [1, 9, 2, 10], "texture": "#0"},
				"down": {"uv": [0, 9, 1, 10], "texture": "#0"}
			}
		},
		{
			"from": [7.5, 1, 7.5],
			"to": [8.5, 7, 8.5],
			"rotation": {"angle": 0, "axis": "y", "origin": [7, 1, 0]},
			"faces": {
				"north": {"uv": [2, 0, 2.5, 3], "texture": "#0"},
				"east": {"uv": [2.5, 0, 3, 3], "texture": "#0"},
				"south": {"uv": [3, 0, 3.5, 3], "texture": "#0"},
				"west": {"uv": [2, 3, 2.5, 6], "texture": "#0"}
			}
		},
		{
			"from": [7.5, 7, 7.6],
			"to": [8.5, 13, 8.4],
			"rotation": {"angle": 0, "axis": "y", "origin": [7, 7, 0.25]},
			"faces": {
				"north": {"uv": [2.5, 3, 3, 6], "texture": "#0"},
				"east": {"uv": [3, 3, 3.5, 6], "texture": "#0"},
				"south": {"uv": [3.5, 0, 4, 3], "texture": "#0"},
				"west": {"uv": [3.5, 3, 4, 6], "texture": "#0"},
				"up": {"uv": [6.5, 4.5, 6, 4], "texture": "#0"}
			}
		},
		{
			"from": [7.5, 15.5, 7.71],
			"to": [8.5, 16.5, 8.29],
			"rotation": {"angle": 0, "axis": "y", "origin": [7, 15.5, 1.25]},
			"faces": {
				"north": {"uv": [6, 5, 6.5, 5.5], "texture": "#0"},
				"east": {"uv": [3.5, 6.5, 3.75, 7], "texture": "#0"},
				"south": {"uv": [5.5, 6, 6, 6.5], "texture": "#0"},
				"west": {"uv": [6.5, 3.5, 6.75, 4], "texture": "#0"},
				"up": {"uv": [4.5, 6.75, 4, 6.5], "texture": "#0"},
				"down": {"uv": [7, 4, 6.5, 4.25], "texture": "#0"}
			}
		},
		{
			"from": [6, 6.25, 7.4],
			"to": [10, 7.25, 8.6],
			"rotation": {"angle": 0, "axis": "y", "origin": [6, 6.25, 7.75]},
			"faces": {
				"north": {"uv": [4.5, 0, 6.5, 0.5], "texture": "#0"},
				"east": {"uv": [6, 5.5, 6.5, 6], "texture": "#0"},
				"south": {"uv": [4.5, 0.5, 6.5, 1], "texture": "#0"},
				"west": {"uv": [6, 6, 6.5, 6.5], "texture": "#0"},
				"up": {"uv": [6.5, 1.5, 4.5, 1], "texture": "#0"},
				"down": {"uv": [6.5, 1.5, 4.5, 2], "texture": "#0"}
			}
		},
		{
			"from": [7, 7, 7.7],
			"to": [9, 16, 8.3],
			"rotation": {"angle": 0, "axis": "y", "origin": [7, 7, 14.75]},
			"faces": {
				"north": {"uv": [0, 0, 1, 4.5], "texture": "#0"},
				"east": {"uv": [4, 0, 4.25, 4.5], "texture": "#0"},
				"south": {"uv": [1, 0, 2, 4.5], "texture": "#0"},
				"west": {"uv": [0, 4.5, 0.25, 9], "texture": "#0"},
				"up": {"uv": [7.5, 0.25, 6.5, 0], "texture": "#0"}
			}
		},
		{
			"from": [9, 7, 7.6],
			"to": [9.1, 10, 8.4],
			"rotation": {"angle": 0, "axis": "y", "origin": [9, 7, 7]},
			"faces": {
				"north": {"uv": [4, 5, 4.25, 6.5], "texture": "#0"},
				"east": {"uv": [0.5, 4.5, 1, 6], "texture": "#0"},
				"south": {"uv": [4.5, 5, 4.75, 6.5], "texture": "#0"},
				"west": {"uv": [1, 4.5, 1.5, 6], "texture": "#0"},
				"up": {"uv": [4.75, 7, 4.5, 6.5], "texture": "#0"}
			}
		},
		{
			"from": [6.9, 7, 7.6],
			"to": [7, 10, 8.4],
			"rotation": {"angle": 0, "axis": "y", "origin": [7, 7, 7]},
			"faces": {
				"north": {"uv": [5, 5, 5.25, 6.5], "texture": "#0"},
				"east": {"uv": [1.5, 4.5, 2, 6], "texture": "#0"},
				"south": {"uv": [5.5, 4.5, 5.75, 6], "texture": "#0"},
				"west": {"uv": [4.5, 2, 5, 3.5], "texture": "#0"},
				"up": {"uv": [5.25, 7, 5, 6.5], "texture": "#0"}
			}
		},
		{
			"from": [4.75, 5, 7.7],
			"to": [7.75, 6, 8.3],
			"rotation": {"angle": -22.5, "axis": "z", "origin": [8.75, 5, 7.25]},
			"faces": {
				"north": {"uv": [4.5, 3.5, 6, 4], "texture": "#0"},
				"south": {"uv": [4, 4.5, 5.5, 5], "texture": "#0"},
				"west": {"uv": [6.5, 5.5, 6.75, 6], "texture": "#0"},
				"up": {"uv": [6.5, 2.75, 5, 2.5], "texture": "#0"},
				"down": {"uv": [6.5, 3, 5, 3.25], "texture": "#0"}
			}
		},
		{
			"from": [8.25, 5, 7.7],
			"to": [11.25, 6, 8.3],
			"rotation": {"angle": 22.5, "axis": "z", "origin": [7.25, 5, 7.25]},
			"faces": {
				"north": {"uv": [4.5, 4, 6, 4.5], "texture": "#0"},
				"east": {"uv": [6, 6.5, 6.25, 7], "texture": "#0"},
				"south": {"uv": [5, 2, 6.5, 2.5], "texture": "#0"},
				"up": {"uv": [2, 6.25, 0.5, 6], "texture": "#0"},
				"down": {"uv": [3.5, 6, 2, 6.25], "texture": "#0"}
			}
		}
	],
	"gui_light": "front",
	"display": {
		"thirdperson_righthand": {
			"rotation": [0, 103.5, 3],
			"translation": [0, 4.75, 2.25],
			"scale": [1.4, 1.5, 1.4]
		},
		"thirdperson_lefthand": {
			"rotation": [0, 103.5, 3],
			"translation": [0, 4.75, 2.25],
			"scale": [1.4, 1.5, 1.4]
		},
		"firstperson_righthand": {
			"rotation": [0, 107, 0],
			"translation": [0.75, 3.75, 0],
			"scale": [1.3, 1.3, 1.3]
		},
		"firstperson_lefthand": {
			"rotation": [0, 107, 0],
			"translation": [0.75, 3.75, 0],
			"scale": [1.3, 1.3, 1.3]
		},
		"ground": {
			"rotation": [36, 50, 0],
			"translation": [0, 4.75, 0]
		},
		"gui": {
			"rotation": [0, 0, -38],
			"scale": [1.3, 1.3, 1.3]
		},
		"fixed": {
			"rotation": [0, 0, 39.5],
			"scale": [1.35, 1.35, 1.35]
		}
	}
}