{
  "model": {
    "type": "minecraft:select",
    "property": "minecraft:display_context",
    "cases": [
      {
        "when": [
          "thirdperson_righthand",
          "thirdperson_lefthand"
        ],
        "model": {
          "type": "minecraft:model",
          "model": "vapors_cards:item/sepia/blank"
        }
      }
    ],
    "fallback": {
      "type": "minecraft:range_dispatch",
      "property": "minecraft:custom_model_data",
      "entries": [
        {
          "threshold": 1,
          "model": {
            "type": "minecraft:model",
            "model": "vapors_cards:item/sepia/spades_ace"
          }
        },
        {
          "threshold": 2,
          "model": {
            "type": "minecraft:model",
            "model": "vapors_cards:item/sepia/spades_two"
          }
        },
        {
          "threshold": 3,
          "model": {
            "type": "minecraft:model",
            "model": "vapors_cards:item/sepia/spades_three"
          }
        },
        {
          "threshold": 4,
          "model": {
            "type": "minecraft:model",
            "model": "vapors_cards:item/sepia/spades_four"
          }
        },
        {
          "threshold": 5,
          "model": {
            "type": "minecraft:model",
            "model": "vapors_cards:item/sepia/spades_five"
          }
        },
        {
          "threshold": 6,
          "model": {
            "type": "minecraft:model",
            "model": "vapors_cards:item/sepia/spades_six"
          }
        },
        {
          "threshold": 7,
          "model": {
            "type": "minecraft:model",
            "model": "vapors_cards:item/sepia/spades_seven"
          }
        },
        {
          "threshold": 8,
          "model": {
            "type": "minecraft:model",
            "model": "vapors_cards:item/sepia/spades_eight"
          }
        },
        {
          "threshold": 9,
          "model": {
            "type": "minecraft:model",
            "model": "vapors_cards:item/sepia/spades_nine"
          }
        },
        {
          "threshold": 10,
          "model": {
            "type": "minecraft:model",
            "model": "vapors_cards:item/sepia/spades_ten"
          }
        },
        {
          "threshold": 11,
          "model": {
            "type": "minecraft:model",
            "model": "vapors_cards:item/sepia/spades_jack"
          }
        },
        {
          "threshold": 12,
          "model": {
            "type": "minecraft:model",
            "model": "vapors_cards:item/sepia/spades_queen"
          }
        },
        {
          "threshold": 13,
          "model": {
            "type": "minecraft:model",
            "model": "vapors_cards:item/sepia/spades_king"
          }
        },
        {
          "threshold": 14,
          "model": {
            "type": "minecraft:model",
            "model": "vapors_cards:item/sepia/diamonds_ace"
          }
        },
        {
          "threshold": 15,
          "model": {
            "type": "minecraft:model",
            "model": "vapors_cards:item/sepia/diamonds_two"
          }
        },
        {
          "threshold": 16,
          "model": {
            "type": "minecraft:model",
            "model": "vapors_cards:item/sepia/diamonds_three"
          }
        },
        {
          "threshold": 17,
          "model": {
            "type": "minecraft:model",
            "model": "vapors_cards:item/sepia/diamonds_four"
          }
        },
        {
          "threshold": 18,
          "model": {
            "type": "minecraft:model",
            "model": "vapors_cards:item/sepia/diamonds_five"
          }
        },
        {
          "threshold": 19,
          "model": {
            "type": "minecraft:model",
            "model": "vapors_cards:item/sepia/diamonds_six"
          }
        },
        {
          "threshold": 20,
          "model": {
            "type": "minecraft:model",
            "model": "vapors_cards:item/sepia/diamonds_seven"
          }
        },
        {
          "threshold": 21,
          "model": {
            "type": "minecraft:model",
            "model": "vapors_cards:item/sepia/diamonds_eight"
          }
        },
        {
          "threshold": 22,
          "model": {
            "type": "minecraft:model",
            "model": "vapors_cards:item/sepia/diamonds_nine"
          }
        },
        {
          "threshold": 23,
          "model": {
            "type": "minecraft:model",
            "model": "vapors_cards:item/sepia/diamonds_ten"
          }
        },
        {
          "threshold": 24,
          "model": {
            "type": "minecraft:model",
            "model": "vapors_cards:item/sepia/diamonds_jack"
          }
        },
        {
          "threshold": 25,
          "model": {
            "type": "minecraft:model",
            "model": "vapors_cards:item/sepia/diamonds_queen"
          }
        },
        {
          "threshold": 26,
          "model": {
            "type": "minecraft:model",
            "model": "vapors_cards:item/sepia/diamonds_king"
          }
        },
        {
          "threshold": 27,
          "model": {
            "type": "minecraft:model",
            "model": "vapors_cards:item/sepia/clubs_ace"
          }
        },
        {
          "threshold": 28,
          "model": {
            "type": "minecraft:model",
            "model": "vapors_cards:item/sepia/clubs_two"
          }
        },
        {
          "threshold": 29,
          "model": {
            "type": "minecraft:model",
            "model": "vapors_cards:item/sepia/clubs_three"
          }
        },
        {
          "threshold": 30,
          "model": {
            "type": "minecraft:model",
            "model": "vapors_cards:item/sepia/clubs_four"
          }
        },
        {
          "threshold": 31,
          "model": {
            "type": "minecraft:model",
            "model": "vapors_cards:item/sepia/clubs_five"
          }
        },
        {
          "threshold": 32,
          "model": {
            "type": "minecraft:model",
            "model": "vapors_cards:item/sepia/clubs_six"
          }
        },
        {
          "threshold": 33,
          "model": {
            "type": "minecraft:model",
            "model": "vapors_cards:item/sepia/clubs_seven"
          }
        },
        {
          "threshold": 34,
          "model": {
            "type": "minecraft:model",
            "model": "vapors_cards:item/sepia/clubs_eight"
          }
        },
        {
          "threshold": 35,
          "model": {
            "type": "minecraft:model",
            "model": "vapors_cards:item/sepia/clubs_nine"
          }
        },
        {
          "threshold": 36,
          "model": {
            "type": "minecraft:model",
            "model": "vapors_cards:item/sepia/clubs_ten"
          }
        },
        {
          "threshold": 37,
          "model": {
            "type": "minecraft:model",
            "model": "vapors_cards:item/sepia/clubs_jack"
          }
        },
        {
          "threshold": 38,
          "model": {
            "type": "minecraft:model",
            "model": "vapors_cards:item/sepia/clubs_queen"
          }
        },
        {
          "threshold": 39,
          "model": {
            "type": "minecraft:model",
            "model": "vapors_cards:item/sepia/clubs_king"
          }
        },
        {
          "threshold": 40,
          "model": {
            "type": "minecraft:model",
            "model": "vapors_cards:item/sepia/hearts_ace"
          }
        },
        {
          "threshold": 41,
          "model": {
            "type": "minecraft:model",
            "model": "vapors_cards:item/sepia/hearts_two"
          }
        },
        {
          "threshold": 42,
          "model": {
            "type": "minecraft:model",
            "model": "vapors_cards:item/sepia/hearts_three"
          }
        },
        {
          "threshold": 43,
          "model": {
            "type": "minecraft:model",
            "model": "vapors_cards:item/sepia/hearts_four"
          }
        },
        {
          "threshold": 44,
          "model": {
            "type": "minecraft:model",
            "model": "vapors_cards:item/sepia/hearts_five"
          }
        },
        {
          "threshold": 45,
          "model": {
            "type": "minecraft:model",
            "model": "vapors_cards:item/sepia/hearts_six"
          }
        },
        {
          "threshold": 46,
          "model": {
            "type": "minecraft:model",
            "model": "vapors_cards:item/sepia/hearts_seven"
          }
        },
        {
          "threshold": 47,
          "model": {
            "type": "minecraft:model",
            "model": "vapors_cards:item/sepia/hearts_eight"
          }
        },
        {
          "threshold": 48,
          "model": {
            "type": "minecraft:model",
            "model": "vapors_cards:item/sepia/hearts_nine"
          }
        },
        {
          "threshold": 49,
          "model": {
            "type": "minecraft:model",
            "model": "vapors_cards:item/sepia/hearts_ten"
          }
        },
        {
          "threshold": 50,
          "model": {
            "type": "minecraft:model",
            "model": "vapors_cards:item/sepia/hearts_jack"
          }
        },
        {
          "threshold": 51,
          "model": {
            "type": "minecraft:model",
            "model": "vapors_cards:item/sepia/hearts_queen"
          }
        },
        {
          "threshold": 52,
          "model": {
            "type": "minecraft:model",
            "model": "vapors_cards:item/sepia/hearts_king"
          }
        },
        {
          "threshold": 53,
          "model": {
            "type": "minecraft:model",
            "model": "vapors_cards:item/sepia/joker_black"
          }
        },
        {
          "threshold": 54,
          "model": {
            "type": "minecraft:model",
            "model": "vapors_cards:item/sepia/joker_red"
          }
        }
      ],
      "fallback": {
        "type": "minecraft:model",
        "model": "vapors_cards:item/sepia/blank"
      }
    }
  },
  "hand_animation_on_swap": true
}