{
	"credit": "Made with Blockbench",
	"parent": "minecraft:block/carved_pumpkin",
	"textures": {
		"0": "custom:item/trophies/trophy_base",
		"particle": "custom:item/trophies/trophy_base"
	},
	"elements": [
		{
			"name": "base",
			"from": [3, 0, 3],
			"to": [13, 1, 13],
			"rotation": {"angle": 0, "axis": "y", "origin": [3, 0, 3]},
			"faces": {
				"north": {"uv": [7.75, 5, 10.25, 5.25], "texture": "#0"},
				"east": {"uv": [7.75, 5.25, 10.25, 5.5], "texture": "#0"},
				"south": {"uv": [7.75, 5.5, 10.25, 5.75], "texture": "#0"},
				"west": {"uv": [7.75, 5.75, 10.25, 6], "texture": "#0"},
				"up": {"uv": [8.5, 2.5, 6, 0], "texture": "#0"},
				"down": {"uv": [8.5, 2.5, 6, 5], "texture": "#0", "cullface": "down"}
			}
		},
		{
			"name": "arm",
			"from": [6, 1, 6],
			"to": [10, 6, 10],
			"rotation": {"angle": 0, "axis": "y", "origin": [6, 1, 6]},
			"faces": {
				"north": {"uv": [6, 5, 7, 6.25], "texture": "#0"},
				"east": {"uv": [6, 6.25, 7, 7.5], "texture": "#0"},
				"south": {"uv": [3, 6.75, 4, 8], "texture": "#0"},
				"west": {"uv": [4, 6.75, 5, 8], "texture": "#0"}
			}
		},
		{
			"name": "pot",
			"from": [2, 6, 2],
			"to": [14, 15, 14],
			"rotation": {"angle": 0, "axis": "y", "origin": [2, 8, 2]},
			"faces": {
				"north": {"uv": [3, 0, 6, 2.25], "texture": "#0"},
				"east": {"uv": [3, 2.25, 6, 4.5], "texture": "#0"},
				"south": {"uv": [3, 4.5, 6, 6.75], "texture": "#0"},
				"west": {"uv": [0, 6, 3, 8.25], "texture": "#0"},
				"up": {"uv": [3, 3, 0, 0], "texture": "#0"},
				"down": {"uv": [3, 3, 0, 6], "texture": "#0"}
			}
		},
		{
			"name": "left-wing",
			"from": [14, 8, 7],
			"to": [17, 14, 8],
			"rotation": {"angle": 0, "axis": "y", "origin": [14, 7, 7]},
			"faces": {
				"north": {"uv": [7, 6.5, 7.75, 8], "texture": "#0"},
				"east": {"uv": [6.75, 7.5, 7, 9], "texture": "#0", "cullface": "east"},
				"south": {"uv": [5.75, 7.5, 6.5, 9], "texture": "#0"},
				"up": {"uv": [8.5, 6.75, 7.75, 6.5], "texture": "#0"},
				"down": {"uv": [8.5, 6.75, 7.75, 7], "texture": "#0"}
			}
		},
		{
			"name": "right-wing",
			"from": [-1, 8, 7],
			"to": [2, 14, 8],
			"rotation": {"angle": 0, "axis": "y", "origin": [-2, 7, 7]},
			"faces": {
				"north": {"uv": [5, 6.75, 5.75, 8.25], "texture": "#0"},
				"south": {"uv": [7, 5, 7.75, 6.5], "texture": "#0"},
				"west": {"uv": [6.5, 7.5, 6.75, 9], "texture": "#0", "cullface": "west"},
				"up": {"uv": [8.5, 6.25, 7.75, 6], "texture": "#0"},
				"down": {"uv": [8.5, 6.25, 7.75, 6.5], "texture": "#0"}
			}
		}
	],
	"gui_light": "front",
	"display": {
		"thirdperson_righthand": {
			"translation": [0, 2.75, 1],
			"scale": [1.01, 1.01, 1.01]
		},
		"thirdperson_lefthand": {
			"translation": [0, 2.75, 1],
			"scale": [1.01, 1.01, 1.01]
		},
		"firstperson_righthand": {
			"rotation": [0, 135, 0]
		},
		"firstperson_lefthand": {
			"rotation": [0, 135, 0]
		},
		"ground": {
			"translation": [0, 20, 0],
			"scale": [3, 3, 3]
		},
		"gui": {
			"rotation": [0, -174, 0],
			"translation": [0, -1, 0],
			"scale": [0.8, 0.8, 0.8]
		},
		"head": {
			"translation": [0, 18, 0],
			"scale": [1.5, 1.5, 1.5]
		},
		"fixed": {
			"rotation": [-90, 0, 0],
			"translation": [0, 0, -14],
			"scale": [2, 2, 2]
		}
	},
	"groups": [
		{
			"name": "trophy",
			"origin": [-2, 7, 7],
			"color": 0,
			"children": [0, 1, 2, 3, 4]
		}
	]
}