{
	"credit": "Made with Blockbench",
	"textures": {
		"0": "custom:item/trophies/trophy_base",
		"1": "custom:item/trophies/magnify_glass",
		"2": "custom:item/trophies/rocket",
		"3": "custom:item/trophies/one",
		"particle": "custom:trophies/trophy_base"
	},
	"elements": [
		{
			"name": "base",
			"from": [3, 0, 3],
			"to": [13, 1, 13],
			"rotation": {"angle": 0, "axis": "y", "origin": [3, 0, 3]},
			"faces": {
				"north": {"uv": [7.75, 5, 10.25, 5.25], "texture": "#0"},
				"east": {"uv": [7.75, 5.25, 10.25, 5.5], "texture": "#0"},
				"south": {"uv": [7.75, 5.5, 10.25, 5.75], "texture": "#0"},
				"west": {"uv": [7.75, 5.75, 10.25, 6], "texture": "#0"},
				"up": {"uv": [8.5, 2.5, 6, 0], "texture": "#0"},
				"down": {"uv": [8.5, 2.5, 6, 5], "texture": "#0", "cullface": "down"}
			}
		},
		{
			"name": "arm",
			"from": [6, 1, 6],
			"to": [10, 6, 10],
			"rotation": {"angle": 0, "axis": "y", "origin": [6, 1, 6]},
			"faces": {
				"north": {"uv": [6, 5, 7, 6.25], "texture": "#0"},
				"east": {"uv": [6, 6.25, 7, 7.5], "texture": "#0"},
				"south": {"uv": [3, 6.75, 4, 8], "texture": "#0"},
				"west": {"uv": [4, 6.75, 5, 8], "texture": "#0"}
			}
		},
		{
			"name": "pot",
			"from": [2, 6, 2],
			"to": [14, 15, 14],
			"rotation": {"angle": 0, "axis": "y", "origin": [2, 8, 2]},
			"faces": {
				"north": {"uv": [3, 0, 6, 2.25], "texture": "#0"},
				"east": {"uv": [3, 2.25, 6, 4.5], "texture": "#0"},
				"south": {"uv": [3, 4.5, 6, 6.75], "texture": "#0"},
				"west": {"uv": [0, 6, 3, 8.25], "texture": "#0"},
				"up": {"uv": [3, 3, 0, 0], "texture": "#0"},
				"down": {"uv": [3, 3, 0, 6], "texture": "#0"}
			}
		},
		{
			"name": "left-wing",
			"from": [14, 8, 7],
			"to": [17, 14, 8],
			"rotation": {"angle": 0, "axis": "y", "origin": [14, 7, 7]},
			"faces": {
				"north": {"uv": [7, 6.5, 7.75, 8], "texture": "#0"},
				"east": {"uv": [6.75, 7.5, 7, 9], "texture": "#0", "cullface": "east"},
				"south": {"uv": [5.75, 7.5, 6.5, 9], "texture": "#0"},
				"up": {"uv": [8.5, 6.75, 7.75, 6.5], "texture": "#0"},
				"down": {"uv": [8.5, 6.75, 7.75, 7], "texture": "#0"}
			}
		},
		{
			"name": "right-wing",
			"from": [-1, 8, 7],
			"to": [2, 14, 8],
			"rotation": {"angle": 0, "axis": "y", "origin": [-2, 7, 7]},
			"faces": {
				"north": {"uv": [5, 6.75, 5.75, 8.25], "texture": "#0"},
				"south": {"uv": [7, 5, 7.75, 6.5], "texture": "#0"},
				"west": {"uv": [6.5, 7.5, 6.75, 9], "texture": "#0", "cullface": "west"},
				"up": {"uv": [8.5, 6.25, 7.75, 6], "texture": "#0"},
				"down": {"uv": [8.5, 6.25, 7.75, 6.5], "texture": "#0"}
			}
		},
		{
			"name": "glass_base",
			"from": [5.75, 11.5, 7.5],
			"to": [7.75, 17.5, 8.5],
			"rotation": {"angle": 45, "axis": "z", "origin": [6.25, 19.5, 7.5]},
			"faces": {
				"north": {"uv": [0, 0, 2, 6], "texture": "#1"},
				"east": {"uv": [4, 0, 5, 6], "texture": "#1"},
				"south": {"uv": [2, 0, 4, 6], "texture": "#1"},
				"west": {"uv": [5, 0, 6, 6], "texture": "#1"},
				"down": {"uv": [10, 7, 8, 8], "texture": "#1"}
			}
		},
		{
			"name": "glass_bottom",
			"from": [3.75, 17.5, 7.5],
			"to": [9.75, 18.5, 8.5],
			"rotation": {"angle": 45, "axis": "z", "origin": [6.25, 19.5, 7.5]},
			"faces": {
				"north": {"uv": [0, 6, 6, 7], "texture": "#1"},
				"east": {"uv": [9, 8, 10, 9], "texture": "#1"},
				"south": {"uv": [6, 0, 12, 1], "texture": "#1"},
				"west": {"uv": [9, 9, 10, 10], "texture": "#1"},
				"up": {"uv": [12, 2, 6, 1], "texture": "#1"},
				"down": {"uv": [12, 2, 6, 3], "texture": "#1"}
			}
		},
		{
			"name": "glass_right",
			"from": [3.75, 18.5, 7.5],
			"to": [4.75, 22.5, 8.5],
			"rotation": {"angle": 45, "axis": "z", "origin": [6.25, 19.5, 7.5]},
			"faces": {
				"north": {"uv": [0, 7, 1, 11], "texture": "#1"},
				"east": {"uv": [1, 7, 2, 11], "texture": "#1"},
				"south": {"uv": [2, 7, 3, 11], "texture": "#1"},
				"west": {"uv": [3, 7, 4, 11], "texture": "#1"}
			}
		},
		{
			"name": "glass_left",
			"from": [8.75, 18.5, 7.5],
			"to": [9.75, 22.5, 8.5],
			"rotation": {"angle": 45, "axis": "z", "origin": [6.25, 19.5, 7.5]},
			"faces": {
				"north": {"uv": [4, 7, 5, 11], "texture": "#1"},
				"east": {"uv": [5, 7, 6, 11], "texture": "#1"},
				"south": {"uv": [6, 7, 7, 11], "texture": "#1"},
				"west": {"uv": [7, 7, 8, 11], "texture": "#1"}
			}
		},
		{
			"name": "glass_top",
			"from": [3.75, 22.5, 7.5],
			"to": [9.75, 23.5, 8.5],
			"rotation": {"angle": 45, "axis": "z", "origin": [6.25, 19.5, 7.5]},
			"faces": {
				"north": {"uv": [6, 3, 12, 4], "texture": "#1"},
				"east": {"uv": [10, 7, 11, 8], "texture": "#1"},
				"south": {"uv": [6, 4, 12, 5], "texture": "#1"},
				"west": {"uv": [8, 10, 9, 11], "texture": "#1"},
				"up": {"uv": [12, 6, 6, 5], "texture": "#1"},
				"down": {"uv": [12, 6, 6, 7], "texture": "#1"}
			}
		},
		{
			"name": "glass_inside",
			"from": [6.75, 20.5, 7.5],
			"to": [7.75, 21.5, 8.5],
			"rotation": {"angle": 45, "axis": "z", "origin": [6.25, 19.5, 7.5]},
			"faces": {
				"north": {"uv": [8, 8, 9, 9], "texture": "#1"},
				"south": {"uv": [8, 9, 9, 10], "texture": "#1"}
			}
		},
		{
			"name": "one_base",
			"from": [5, 15, 7.2],
			"to": [11, 16.5, 8.8],
			"rotation": {"angle": 0, "axis": "y", "origin": [4.5, 15, 7.25]},
			"faces": {
				"north": {"uv": [8, 0, 14, 2], "texture": "#3"},
				"east": {"uv": [2, 9, 4, 11], "texture": "#3"},
				"south": {"uv": [8, 2, 14, 4], "texture": "#3"},
				"west": {"uv": [4, 9, 6, 11], "texture": "#3"},
				"up": {"uv": [14, 6, 8, 4], "texture": "#3"},
				"down": {"uv": [14, 6, 8, 8], "texture": "#3"}
			}
		},
		{
			"name": "one_shaft",
			"from": [7.25, 16, 7.25],
			"to": [8.75, 23, 8.75],
			"rotation": {"angle": 0, "axis": "y", "origin": [7.25, 16, 7.25]},
			"faces": {
				"north": {"uv": [0, 0, 2, 9], "texture": "#3"},
				"east": {"uv": [2, 0, 4, 9], "texture": "#3"},
				"south": {"uv": [4, 0, 6, 9], "texture": "#3"},
				"west": {"uv": [6, 0, 8, 9], "texture": "#3"},
				"up": {"uv": [8, 11, 6, 9], "texture": "#3"}
			}
		},
		{
			"name": "one_tilt",
			"from": [8.5, 21.4, 7.3],
			"to": [10.75, 22.9, 8.7],
			"rotation": {"angle": -22.5, "axis": "z", "origin": [8.5, 23.25, 7.25]},
			"faces": {
				"north": {"uv": [8, 8, 10, 10], "texture": "#3"},
				"east": {"uv": [8, 10, 9, 12], "texture": "#3"},
				"south": {"uv": [0, 9, 2, 11], "texture": "#3"},
				"west": {"uv": [10, 8, 11, 10], "texture": "#3"},
				"up": {"uv": [11, 11, 9, 10], "texture": "#3"},
				"down": {"uv": [2, 11, 0, 12], "texture": "#3"}
			}
		},
		{
			"name": "L-rocket",
			"from": [8, 16, 8],
			"to": [16, 24, 8],
			"rotation": {"angle": -22.5, "axis": "z", "origin": [8, 16, 8]},
			"faces": {
				"north": {"uv": [0, 0, 16, 16], "texture": "#2"},
				"east": {"uv": [0, 0, 0, 4], "texture": "#2"},
				"south": {"uv": [0, 0, 16, 16], "texture": "#2"},
				"west": {"uv": [0, 0, 0, 4], "texture": "#2"},
				"up": {"uv": [0, 0, 4, 0], "texture": "#2"},
				"down": {"uv": [0, 0, 4, 0], "texture": "#2"}
			}
		},
		{
			"name": "R-rocket",
			"from": [0, 16, 8],
			"to": [8, 24, 8],
			"rotation": {"angle": 22.5, "axis": "z", "origin": [8, 16, 8]},
			"faces": {
				"north": {"uv": [16, 0, 0, 16], "texture": "#2"},
				"east": {"uv": [0, 0, 0, 4], "texture": "#2"},
				"south": {"uv": [16, 0, 0, 16], "texture": "#2"},
				"west": {"uv": [0, 0, 0, 4], "texture": "#2"},
				"up": {"uv": [4, 0, 0, 0], "texture": "#2"},
				"down": {"uv": [4, 0, 0, 0], "texture": "#2"}
			}
		}
	],
	"gui_light": "front",
	"display": {
		"thirdperson_righthand": {
			"translation": [0, 2.75, 1],
			"scale": [1.01, 1.01, 1.01]
		},
		"thirdperson_lefthand": {
			"translation": [0, 2.75, 1],
			"scale": [1.01, 1.01, 1.01]
		},
		"firstperson_righthand": {
			"rotation": [0, 135, 0]
		},
		"firstperson_lefthand": {
			"rotation": [0, 135, 0]
		},
		"ground": {
			"translation": [0, 20, 0],
			"scale": [3, 3, 3]
		},
		"gui": {
			"rotation": [0, -174, 0],
			"translation": [0, -1, 0],
			"scale": [0.8, 0.8, 0.8]
		},
		"head": {
			"translation": [0, 18, 0],
			"scale": [1.5, 1.5, 1.5]
		},
		"fixed": {
			"rotation": [-90, 0, 0],
			"translation": [0, 0, -14],
			"scale": [2, 2, 2]
		}
	},
	"groups": [
		{
			"name": "trophy",
			"origin": [-2, 7, 7],
			"color": 0,
			"children": [0, 1, 2, 3, 4]
		},
		{
			"name": "glass",
			"origin": [4, 29, 0],
			"color": 0,
			"children": [5, 6, 7, 8, 9, 10]
		},
		{
			"name": "one",
			"origin": [8, 8, 8],
			"color": 0,
			"children": [11, 12, 13]
		},
		14,
		15
	]
}