{
  "music_disc.dog" : {
    "subtitle": "Music Plays",
    "sounds": [
      {
        "name": "custom:records/dog",
        "stream": true
      }
    ]
  },
  "music_disc.rick_roll" : {
    "subtitle": "Gotcha!",
    "sounds": [
      {
        "name": "custom:records/rick_roll",
        "stream": true
      }
    ]
  },
  "music_disc.doom" : {
    "subtitle": "Rip and Tear!",
    "sounds": [
      {
        "name": "custom:records/doom_disc",
        "stream": true
      }
    ]
  },
  "music_disc.gameshow" : {
    "subtitle": "Welcome to the Gameshow!",
    "sounds": [
      {
        "name": "custom:records/cal_game_show",
        "stream": true
      }
    ]
  },
  "music_disc.vibe_song" : {
    "subtitle": "Music Plays",
    "sounds": [
      {
        "name": "custom:records/cal_vibe_song",
        "stream": true,
        "volume": 0.2
      }
    ]
  },
  "music_disc.christmas_ani" : {
    "subtitle": "Music Plays",
    "sounds": [
      {
        "name": "custom:records/christmas_in_our_hearts_ani",
        "stream": true
      }
    ]
  },
  "music_disc.vortex_secret_santa" : {
    "subtitle": "Music Plays",
    "sounds": [
      {
        "name": "custom:records/vortex_melony_christmas",
        "stream": true
      }
    ]
  },
  "horn.augh" : {
    "subtitle": "AUGH",
    "sounds": [
      {
        "name": "custom:item/goat_horn/augh_horn"
      }
    ]
  },
  "horn.bruh" : {
    "subtitle": "Bruh",
    "sounds": [
      {
        "name": "custom:item/goat_horn/bruh_horn"
      }
    ]
  },
  "horn.cal_pain" : {
    "subtitle": "I am in pain",
    "sounds": [
      {
        "name": "custom:item/goat_horn/cal_pain_horn"
      }
    ]
  },
  "horn.father_help" : {
    "subtitle": "Father Help!",
    "sounds": [
      {
        "name": "custom:item/goat_horn/father_help_horn"
      }
    ]
  },
  "horn.vine_boom" : {
    "subtitle": "Vine",
    "sounds": [
      {
        "name": "custom:item/goat_horn/vine_boom_horn"
      }
    ]
  },
  "horn.yippee" : {
    "subtitle": "Yippee!!",
    "sounds": [
      {
        "name": "custom:item/goat_horn/yippee_horn"
      }
    ]
  },
  "horn.amongus" : {
    "subtitle": "Amongus",
    "sounds": [
      {
        "name": "custom:item/goat_horn/amongus"
      }
    ]
  },
  "horn.do_it" : {
    "subtitle": "Do it",
    "sounds": [
      {
        "name": "custom:item/goat_horn/do_it"
      }
    ]
  },
  "horn.fart" : {
    "subtitle": "Fart with Reverb",
    "sounds": [
      {
        "name": "custom:item/goat_horn/fart_with_reverb",
        "volume": 0.8
      }
    ]
  },
  "horn.goood" : {
    "subtitle": "Goooood",
    "sounds": [
      {
        "name": "custom:item/goat_horn/goood"
      }
    ]
  },
  "horn.hello_there" : {
    "subtitle": "Hello There!",
    "sounds": [
      {
        "name": "custom:item/goat_horn/hello_there"
      }
    ]
  },
  "horn.metal_pipe" : {
    "subtitle": "Metal Pipe",
    "sounds": [
      {
        "name": "custom:item/goat_horn/metal_pipe"
      }
    ]
  },
  "horn.steve" : {
    "subtitle": "I... am Steve",
    "sounds": [
      {
        "name": "custom:item/goat_horn/i_am_steve"
      }
    ]
  },
  "horn.yeet" : {
    "subtitle": "YEET",
    "sounds": [
      {
        "name": "custom:item/goat_horn/yeet"
      }
    ]
  },
  "horn.uwu" : {
    "subtitle": "UwU",
    "sounds": [
      {
        "name": "custom:item/goat_horn/uwu"
      }
    ]
  },
  "horn.discord_ping" : {
    "subtitle": "Someone sent you a message",
    "sounds": [
      {
        "name": "custom:item/goat_horn/discord_ping"
      }
    ]
  },
  "horn.har_har" : {
    "subtitle": "Har Har Har Har",
    "sounds": [
      {
        "name": "custom:item/goat_horn/freddy_har_har"
      }
    ]
  },
  "horn.vapor_meow" : {
    "subtitle": "MeeeeOOWWWWW",
    "sounds": [
      {
        "name": "custom:item/goat_horn/vapor_meow"
      }
    ]
  },
  "horn.steve_mines" : {
    "subtitle": "The children YEARN",
    "sounds": [
      {
        "name": "custom:item/goat_horn/yearned_for_the_mines"
      }
    ]
  },
  "horn.romeo_ahhh" : {
    "subtitle": "ahhhhh",
    "sounds": [
      {
        "name": "custom:item/goat_horn/romeo_ahhh"
      }
    ]
  },
  "horn.buy_my_seed" : {
    "subtitle": "SEEEEEEDS?",
    "sounds": [
      {
        "name": "custom:item/goat_horn/buy_my_seeeeeeeds"
      }
    ]
  },
  "horn.grinzzon_pregnant" : {
    "subtitle": "Draw him PREGNANT?",
    "sounds": [
      {
        "name": "custom:item/goat_horn/grinzzon_pregnant"
      }
    ]
  },
  "horn.pickle" : {
    "subtitle": "pickle",
    "sounds": [
      {
        "name": "custom:item/goat_horn/pickle"
      }
    ]
  },
  "horn.pow_wop_pow" : {
    "subtitle": "wop pow wop",
    "sounds": [
      {
        "name": "custom:item/goat_horn/pow_wop_pow"
      }
    ]
  },
  "horn.pretty_girl" : {
    "subtitle": "Call me pretty like one of your french Grinzzons",
    "sounds": [
      {
        "name": "custom:item/goat_horn/pretty_girl"
      }
    ]
  },
  "horn.spicy_boi" : {
    "subtitle": "much spice",
    "sounds": [
      {
        "name": "custom:item/goat_horn/spicy_boi"
      }
    ]
  }
}