{
  "model": {
    "type": "minecraft:range_dispatch",
    "property": "minecraft:custom_model_data",
    "scale": 1.0,
    "fallback": {
    	"type": "minecraft:model",
    	"model": "minecraft:item/music_disc_11"
    },
    "entries": [
    	{
    		"threshold": 1.0,
    		"model": {
    			"type": "minecraft:model",
    			"model": "custom:item/music_disc/dog"
    		}
    	},
      {
        "threshold": 2.0,
        "model": {
          "type": "minecraft:model",
          "model": "custom:item/music_disc/doom"
        }
      },
      {
        "threshold": 3.0,
        "model": {
          "type": "minecraft:model",
          "model": "custom:item/music_disc/rick_roll"
        }
      },
      {
        "threshold": 4.0,
        "model": {
          "type": "minecraft:model",
          "model": "custom:item/music_disc/gameshow"
        }
      },
      {
        "threshold": 5.0,
        "model": {
          "type": "minecraft:model",
          "model": "custom:item/music_disc/vibe"
        }
      }
    ]
  }
}