{
  "model": {
    "type": "minecraft:range_dispatch",
    "property": "minecraft:custom_model_data",
    "scale": 1.0,
    "fallback": {
    	"type": "minecraft:model",
    	"model": "minecraft:item/netherite_sword"
    },
    "entries": [
    	{
    		"threshold": 1.0,
    		"model": {
    			"type": "minecraft:model",
    			"model": "custom:item/max_sword"
    		}
    	},
      {
        "threshold": 2.0,
        "model": {
          "type": "minecraft:model",
          "model": "custom:item/barry_sword"
        }
      },
      {
        "threshold": 3.0,
        "model": {
          "type": "minecraft:model",
          "model": "custom:item/netherite_cutlass"
        }
      },
      {
        "threshold": 4.0,
        "model": {
          "type": "minecraft:select",
          "cases": [
            {
              "model": {
                "type": "minecraft:model",
                "model": "custom:item/vapor/sword_gui"
              },
              "when": [
                "gui",
                "ground",
                "fixed"
              ]
            }
          ],
          "fallback": {
            "type": "minecraft:model",
            "model": "custom:item/vapor/sword"
          },
          "property": "minecraft:display_context"
        }
      },
      {
        "threshold": 105.0,
        "model": {
          "type": "minecraft:select",
          "cases": [
            {
              "model": {
                "type": "minecraft:model",
                "model": "custom:item/vapor/saber_gui"
              },
              "when": [
                "gui"
              ]
            }
          ],
          "fallback": {
            "type": "minecraft:model",
            "model": "custom:item/vapor/saber_red"
          },
          "property": "minecraft:display_context"
        }
      },
      {
        "threshold": 106.0,
        "model": {
          "type": "minecraft:select",
          "cases": [
            {
              "model": {
                "type": "minecraft:model",
                "model": "custom:item/vapor/saber_gui"
              },
              "when": [
                "gui"
              ]
            }
          ],
          "fallback": {
            "type": "minecraft:model",
            "model": "custom:item/vapor/saber_blue"
          },
          "property": "minecraft:display_context"
        }
      },
      {
        "threshold": 107.0,
        "model": {
          "type": "minecraft:select",
          "cases": [
            {
              "model": {
                "type": "minecraft:model",
                "model": "custom:item/vapor/saber_gui"
              },
              "when": [
                "gui"
              ]
            }
          ],
          "fallback": {
            "type": "minecraft:model",
            "model": "custom:item/vapor/saber_green"
          },
          "property": "minecraft:display_context"
        }
      },
      {
        "threshold": 108.0,
        "model": {
          "type": "minecraft:select",
          "cases": [
            {
              "model": {
                "type": "minecraft:model",
                "model": "custom:item/vapor/saber_gui"
              },
              "when": [
                "gui"
              ]
            }
          ],
          "fallback": {
            "type": "minecraft:model",
            "model": "custom:item/vapor/saber_purple"
          },
          "property": "minecraft:display_context"
        }
      }
    ]
  }
}