{
  "model": {
    "type": "minecraft:range_dispatch",
    "property": "minecraft:custom_model_data",
    "scale": 1.0,
    "fallback": {
      "type": "minecraft:condition",
      "on_false": {
        "type": "minecraft:special",
        "base": "minecraft:item/shield",
        "model": {
          "type": "minecraft:shield"
        }
      },
      "on_true": {
        "type": "minecraft:special",
        "base": "minecraft:item/shield_blocking",
        "model": {
          "type": "minecraft:shield"
        }
      },
      "property": "minecraft:using_item"
    },
    "entries": [
    	{
    		"threshold": 1.0,
    		"model": {
          "type": "minecraft:condition",
          "on_false": {
            "type": "minecraft:composite",
            "models": [
              {
                "type": "minecraft:model",
                "model": "minecraft:item/shield"
              },
              {
                "type": "minecraft:model",
                "model": "custom:item/barry_cane"
              }
            ]
          },
          "on_true": {
            "type": "minecraft:composite",
            "models": [
              {
                "type": "minecraft:model",
                "model": "minecraft:item/shield_blocking"
              },
              {
                "type": "minecraft:model",
                "model": "custom:item/barry_cane"
              }
            ]
          },
          "property": "minecraft:using_item"
        }
    	}
    ]
  }
}