{
  "model": {
    "type": "minecraft:range_dispatch",
    "property": "minecraft:custom_model_data",
    "scale": 1.0,
    "fallback": {
    	"type": "minecraft:model",
    	"model": "minecraft:item/stick"
    },
    "entries": [
    	{
    		"threshold": 1.0,
    		"model": {
    			"type": "minecraft:model",
    			"model": "custom:item/barry_cane"
    		}
    	},
      {
        "threshold": 2.0,
        "model": {
          "type": "minecraft:model",
          "model": "custom:item/shar_staff"
        }
      }
    ]
  }
}