{
	"credit": "Made with Blockbench",
	"texture_size": [64, 64],
	"textures": {
		"0": "custom:item/vortex_ghost/vortex_ghost_2",
		"particle": "custom:item/vortex_ghost/vortex_ghost_2"
	},
	"elements": [
		{
			"from": [1, 4, 6],
			"to": [15, 17, 10],
			"rotation": {"angle": 0, "axis": "y", "origin": [14, 0, 8]},
			"faces": {
				"north": {"uv": [0, 0, 3.5, 3.25], "texture": "#0"},
				"east": {"uv": [6.5, 0.5, 7, 3.75], "texture": "#0"},
				"south": {"uv": [0, 3.25, 3.5, 6.5], "texture": "#0"},
				"west": {"uv": [6.5, 3.75, 7, 7], "texture": "#0"},
				"up": {"uv": [3.5, 7, 0, 6.5], "texture": "#0"},
				"down": {"uv": [10, 0, 6.5, 0.5], "texture": "#0"}
			}
		},
		{
			"from": [14, 1, 7],
			"to": [15, 4, 9],
			"rotation": {"angle": 0, "axis": "y", "origin": [14, 0, 7]},
			"faces": {
				"north": {"uv": [0.75, 9.5, 1, 10.25], "texture": "#0"},
				"east": {"uv": [10, 9, 10.5, 9.75], "texture": "#0"},
				"south": {"uv": [9.5, 6.25, 9.75, 7], "texture": "#0"},
				"west": {"uv": [10, 9.75, 10.5, 10.5], "texture": "#0"},
				"up": {"uv": [3.75, 11.75, 3.5, 11.25], "texture": "#0"},
				"down": {"uv": [4, 11.25, 3.75, 11.75], "texture": "#0"}
			}
		},
		{
			"from": [1, 1, 7],
			"to": [3, 4, 9],
			"rotation": {"angle": 0, "axis": "y", "origin": [14, 0, 7]},
			"faces": {
				"north": {"uv": [10.5, 1.75, 11, 2.5], "texture": "#0"},
				"east": {"uv": [10.5, 2.5, 11, 3.25], "texture": "#0"},
				"south": {"uv": [10.5, 3.25, 11, 4], "texture": "#0"},
				"west": {"uv": [3.5, 10.5, 4, 11.25], "texture": "#0"},
				"up": {"uv": [1, 11.5, 0.5, 11], "texture": "#0"},
				"down": {"uv": [11.5, 1, 11, 1.5], "texture": "#0"}
			}
		},
		{
			"from": [2, 17, 7],
			"to": [14, 19, 9],
			"rotation": {"angle": 0, "axis": "y", "origin": [14, 0, 7]},
			"faces": {
				"north": {"uv": [0, 7, 3, 7.5], "texture": "#0"},
				"east": {"uv": [11, 1.5, 11.5, 2], "texture": "#0"},
				"south": {"uv": [7, 0.5, 10, 1], "texture": "#0"},
				"west": {"uv": [11, 2, 11.5, 2.5], "texture": "#0"},
				"up": {"uv": [10, 1.5, 7, 1], "texture": "#0"},
				"down": {"uv": [10, 1.5, 7, 2], "texture": "#0"}
			}
		},
		{
			"from": [3, 19, 7],
			"to": [13, 20, 9],
			"rotation": {"angle": 0, "axis": "y", "origin": [14, 0, 7]},
			"faces": {
				"north": {"uv": [8.5, 8.5, 11, 8.75], "texture": "#0"},
				"east": {"uv": [10.25, 7, 10.75, 7.25], "texture": "#0"},
				"south": {"uv": [8.5, 8.75, 11, 9], "texture": "#0"},
				"west": {"uv": [10.5, 4.75, 11, 5], "texture": "#0"},
				"up": {"uv": [9.5, 4.5, 7, 4], "texture": "#0"},
				"down": {"uv": [9.5, 4.5, 7, 5], "texture": "#0"}
			}
		},
		{
			"from": [3, 16, 5],
			"to": [13, 18, 7],
			"faces": {
				"north": {"uv": [7, 5, 9.5, 5.5], "texture": "#0"},
				"east": {"uv": [11, 2.5, 11.5, 3], "texture": "#0"},
				"south": {"uv": [7, 5.5, 9.5, 6], "texture": "#0"},
				"west": {"uv": [11, 3, 11.5, 3.5], "texture": "#0"},
				"up": {"uv": [9.5, 6.5, 7, 6], "texture": "#0"},
				"down": {"uv": [9, 7, 6.5, 7.5], "texture": "#0"}
			}
		},
		{
			"from": [2, 4, 5],
			"to": [14, 12, 7],
			"rotation": {"angle": 0, "axis": "y", "origin": [0, -4, 0]},
			"faces": {
				"north": {"uv": [3.5, 0, 6.5, 2], "texture": "#0"},
				"east": {"uv": [3, 7, 3.5, 9], "texture": "#0"},
				"south": {"uv": [3.5, 2, 6.5, 4], "texture": "#0"},
				"west": {"uv": [2.5, 7.5, 3, 9.5], "texture": "#0"},
				"up": {"uv": [10, 2.5, 7, 2], "texture": "#0"},
				"down": {"uv": [10, 2.5, 7, 3], "texture": "#0"}
			}
		},
		{
			"from": [12, 1, 5],
			"to": [14, 4, 7],
			"rotation": {"angle": 0, "axis": "y", "origin": [0, -4, 0]},
			"faces": {
				"north": {"uv": [4, 10.5, 4.5, 11.25], "texture": "#0"},
				"east": {"uv": [10.5, 4, 11, 4.75], "texture": "#0"},
				"south": {"uv": [4.5, 10.5, 5, 11.25], "texture": "#0"},
				"west": {"uv": [5, 10.5, 5.5, 11.25], "texture": "#0"},
				"up": {"uv": [11.5, 4, 11, 3.5], "texture": "#0"},
				"down": {"uv": [11.5, 4, 11, 4.5], "texture": "#0"}
			}
		},
		{
			"from": [7, 1, 5],
			"to": [10, 4, 7],
			"rotation": {"angle": 0, "axis": "y", "origin": [0, -4, 0]},
			"faces": {
				"north": {"uv": [7, 9, 7.75, 9.75], "texture": "#0"},
				"east": {"uv": [10.5, 5.25, 11, 6], "texture": "#0"},
				"south": {"uv": [9, 7, 9.75, 7.75], "texture": "#0"},
				"west": {"uv": [10.5, 9, 11, 9.75], "texture": "#0"},
				"up": {"uv": [11.25, 8.5, 10.5, 8], "texture": "#0"},
				"down": {"uv": [11.25, 9.75, 10.5, 10.25], "texture": "#0"}
			}
		},
		{
			"from": [12, 12, 5],
			"to": [14, 16, 7],
			"rotation": {"angle": 0, "axis": "y", "origin": [0, -4, 0]},
			"faces": {
				"north": {"uv": [2, 8.5, 2.5, 9.5], "texture": "#0"},
				"east": {"uv": [3.5, 9.5, 4, 10.5], "texture": "#0"},
				"south": {"uv": [4, 9.5, 4.5, 10.5], "texture": "#0"},
				"west": {"uv": [9.5, 4, 10, 5], "texture": "#0"},
				"up": {"uv": [11.5, 5, 11, 4.5], "texture": "#0"},
				"down": {"uv": [11.5, 5.25, 11, 5.75], "texture": "#0"}
			}
		},
		{
			"from": [4, 18, 5],
			"to": [12, 19, 7],
			"faces": {
				"north": {"uv": [9, 7.75, 11, 8], "texture": "#0"},
				"east": {"uv": [11, 5.75, 11.5, 6], "texture": "#0"},
				"south": {"uv": [9.5, 5, 11.5, 5.25], "texture": "#0"},
				"west": {"uv": [11, 7.75, 11.5, 8], "texture": "#0"},
				"up": {"uv": [5.5, 8.5, 3.5, 8], "texture": "#0"},
				"down": {"uv": [7.5, 8, 5.5, 8.5], "texture": "#0"}
			}
		},
		{
			"from": [6, 12, 5],
			"to": [10, 16, 7],
			"rotation": {"angle": 0, "axis": "y", "origin": [0, -4, 0]},
			"faces": {
				"north": {"uv": [7.5, 8, 8.5, 9], "texture": "#0"},
				"east": {"uv": [4.5, 9.5, 5, 10.5], "texture": "#0"},
				"south": {"uv": [0, 8.5, 1, 9.5], "texture": "#0"},
				"west": {"uv": [5, 9.5, 5.5, 10.5], "texture": "#0"},
				"up": {"uv": [10.5, 5.75, 9.5, 5.25], "texture": "#0"},
				"down": {"uv": [10.5, 5.75, 9.5, 6.25], "texture": "#0"}
			}
		},
		{
			"from": [2, 12, 5],
			"to": [4, 16, 7],
			"rotation": {"angle": 0, "axis": "y", "origin": [0, -4, 0]},
			"faces": {
				"north": {"uv": [5.5, 9.75, 6, 10.75], "texture": "#0"},
				"east": {"uv": [6, 9.75, 6.5, 10.75], "texture": "#0"},
				"south": {"uv": [9.75, 6.25, 10.25, 7.25], "texture": "#0"},
				"west": {"uv": [6.5, 9.75, 7, 10.75], "texture": "#0"},
				"up": {"uv": [11.5, 9, 11, 8.5], "texture": "#0"},
				"down": {"uv": [11.5, 9, 11, 9.5], "texture": "#0"}
			}
		},
		{
			"from": [2, 1, 5],
			"to": [5, 4, 7],
			"rotation": {"angle": 0, "axis": "y", "origin": [0, -4, 0]},
			"faces": {
				"north": {"uv": [7.75, 9, 8.5, 9.75], "texture": "#0"},
				"east": {"uv": [10, 10.5, 10.5, 11.25], "texture": "#0"},
				"south": {"uv": [8.5, 9, 9.25, 9.75], "texture": "#0"},
				"west": {"uv": [10.5, 10.25, 11, 11], "texture": "#0"},
				"up": {"uv": [2.75, 11.25, 2, 10.75], "texture": "#0"},
				"down": {"uv": [3.5, 10.75, 2.75, 11.25], "texture": "#0"}
			}
		},
		{
			"from": [2, 4, 9],
			"to": [14, 12, 11],
			"rotation": {"angle": 0, "axis": "y", "origin": [0, -4, 0]},
			"faces": {
				"north": {"uv": [3.5, 4, 6.5, 6], "texture": "#0"},
				"east": {"uv": [1, 8.5, 1.5, 10.5], "texture": "#0"},
				"south": {"uv": [3.5, 6, 6.5, 8], "texture": "#0"},
				"west": {"uv": [1.5, 8.5, 2, 10.5], "texture": "#0"},
				"up": {"uv": [10, 3.5, 7, 3], "texture": "#0"},
				"down": {"uv": [10, 3.5, 7, 4], "texture": "#0"}
			}
		},
		{
			"from": [2, 1, 9],
			"to": [5, 4, 11],
			"rotation": {"angle": 0, "axis": "y", "origin": [0, -4, 0]},
			"faces": {
				"north": {"uv": [9.25, 9, 10, 9.75], "texture": "#0"},
				"east": {"uv": [5.5, 10.75, 6, 11.5], "texture": "#0"},
				"south": {"uv": [0, 9.5, 0.75, 10.25], "texture": "#0"},
				"west": {"uv": [6, 10.75, 6.5, 11.5], "texture": "#0"},
				"up": {"uv": [11.5, 6.5, 10.75, 6], "texture": "#0"},
				"down": {"uv": [7.25, 10.75, 6.5, 11.25], "texture": "#0"}
			}
		},
		{
			"from": [7, 1, 9],
			"to": [10, 4, 11],
			"rotation": {"angle": 0, "axis": "y", "origin": [0, -4, 0]},
			"faces": {
				"north": {"uv": [2, 9.5, 2.75, 10.25], "texture": "#0"},
				"east": {"uv": [10.75, 6.5, 11.25, 7.25], "texture": "#0"},
				"south": {"uv": [2.75, 9.5, 3.5, 10.25], "texture": "#0"},
				"west": {"uv": [7.25, 10.75, 7.75, 11.5], "texture": "#0"},
				"up": {"uv": [11.5, 7.75, 10.75, 7.25], "texture": "#0"},
				"down": {"uv": [8.5, 10.75, 7.75, 11.25], "texture": "#0"}
			}
		},
		{
			"from": [12, 1, 9],
			"to": [14, 4, 11],
			"rotation": {"angle": 0, "axis": "y", "origin": [0, -4, 0]},
			"faces": {
				"north": {"uv": [8.5, 10.75, 9, 11.5], "texture": "#0"},
				"east": {"uv": [9, 10.75, 9.5, 11.5], "texture": "#0"},
				"south": {"uv": [9.5, 10.75, 10, 11.5], "texture": "#0"},
				"west": {"uv": [0, 11, 0.5, 11.75], "texture": "#0"},
				"up": {"uv": [11.5, 10.75, 11, 10.25], "texture": "#0"},
				"down": {"uv": [11, 11, 10.5, 11.5], "texture": "#0"}
			}
		},
		{
			"from": [12, 12, 9],
			"to": [14, 16, 11],
			"rotation": {"angle": 0, "axis": "y", "origin": [0, -4, 0]},
			"faces": {
				"north": {"uv": [7, 9.75, 7.5, 10.75], "texture": "#0"},
				"east": {"uv": [7.5, 9.75, 8, 10.75], "texture": "#0"},
				"south": {"uv": [8, 9.75, 8.5, 10.75], "texture": "#0"},
				"west": {"uv": [8.5, 9.75, 9, 10.75], "texture": "#0"},
				"up": {"uv": [11.5, 11.25, 11, 10.75], "texture": "#0"},
				"down": {"uv": [1.5, 11.25, 1, 11.75], "texture": "#0"}
			}
		},
		{
			"from": [6, 12, 9],
			"to": [10, 16, 11],
			"rotation": {"angle": 0, "axis": "y", "origin": [0, -4, 0]},
			"faces": {
				"north": {"uv": [3.5, 8.5, 4.5, 9.5], "texture": "#0"},
				"east": {"uv": [9, 9.75, 9.5, 10.75], "texture": "#0"},
				"south": {"uv": [4.5, 8.5, 5.5, 9.5], "texture": "#0"},
				"west": {"uv": [9.5, 9.75, 10, 10.75], "texture": "#0"},
				"up": {"uv": [10.75, 7.75, 9.75, 7.25], "texture": "#0"},
				"down": {"uv": [11, 0, 10, 0.5], "texture": "#0"}
			}
		},
		{
			"from": [3, 16, 9],
			"to": [13, 18, 11],
			"faces": {
				"north": {"uv": [7, 6.5, 9.5, 7], "texture": "#0"},
				"east": {"uv": [1.5, 11.25, 2, 11.75], "texture": "#0"},
				"south": {"uv": [0, 7.5, 2.5, 8], "texture": "#0"},
				"west": {"uv": [2, 11.25, 2.5, 11.75], "texture": "#0"},
				"up": {"uv": [9, 8, 6.5, 7.5], "texture": "#0"},
				"down": {"uv": [2.5, 8, 0, 8.5], "texture": "#0"}
			}
		},
		{
			"from": [4, 18, 9],
			"to": [12, 19, 11],
			"faces": {
				"north": {"uv": [10, 0.5, 12, 0.75], "texture": "#0"},
				"east": {"uv": [11, 9.5, 11.5, 9.75], "texture": "#0"},
				"south": {"uv": [10, 0.75, 12, 1], "texture": "#0"},
				"west": {"uv": [4, 11.25, 4.5, 11.5], "texture": "#0"},
				"up": {"uv": [7.5, 9, 5.5, 8.5], "texture": "#0"},
				"down": {"uv": [10.5, 8, 8.5, 8.5], "texture": "#0"}
			}
		},
		{
			"from": [2, 12, 9],
			"to": [4, 16, 11],
			"rotation": {"angle": 0, "axis": "y", "origin": [0, -4, 0]},
			"faces": {
				"north": {"uv": [10, 1, 10.5, 2], "texture": "#0"},
				"east": {"uv": [10, 2, 10.5, 3], "texture": "#0"},
				"south": {"uv": [10, 3, 10.5, 4], "texture": "#0"},
				"west": {"uv": [10, 4, 10.5, 5], "texture": "#0"},
				"up": {"uv": [3, 11.75, 2.5, 11.25], "texture": "#0"},
				"down": {"uv": [3.5, 11.25, 3, 11.75], "texture": "#0"}
			}
		}
	],
	"display": {
		"thirdperson_righthand": {
			"scale": [0.5, 0.5, 0.5]
		},
		"thirdperson_lefthand": {
			"scale": [0.5, 0.5, 0.5]
		},
		"firstperson_righthand": {
			"rotation": [0, -20, 0],
			"translation": [2, 3.25, 0],
			"scale": [0.2, 0.2, 0.2]
		},
		"firstperson_lefthand": {
			"rotation": [0, -20, 0],
			"translation": [1.75, 3.5, 0],
			"scale": [0.2, 0.2, 0.2]
		},
		"ground": {
			"translation": [0, 5, 0],
			"scale": [0.41, 0.37, 0.43]
		},
		"gui": {
			"translation": [0, -1.25, 0],
			"scale": [0.625, 0.625, 0.625]
		},
		"head": {
			"translation": [0, -13.75, 0],
			"scale": [1.67, 1.9675, 1.87]
		},
		"fixed": {
			"translation": [0, -2.25, 0],
			"scale": [0.8, 0.8, 0.8]
		}
	}
}